-- phpMyAdmin SQL Dump
-- version 4.9.1
-- https://www.phpmyadmin.net/
--
-- Host: 127.0.0.1
-- Tempo de geração: 30-Nov-2019 às 23:53
-- Versão do servidor: 10.4.8-MariaDB
-- versão do PHP: 7.3.10

SET SQL_MODE = "NO_AUTO_VALUE_ON_ZERO";
SET AUTOCOMMIT = 0;
START TRANSACTION;
SET time_zone = "+00:00";


/*!40101 SET @OLD_CHARACTER_SET_CLIENT=@@CHARACTER_SET_CLIENT */;
/*!40101 SET @OLD_CHARACTER_SET_RESULTS=@@CHARACTER_SET_RESULTS */;
/*!40101 SET @OLD_COLLATION_CONNECTION=@@COLLATION_CONNECTION */;
/*!40101 SET NAMES utf8mb4 */;

--
-- Banco de dados: `price`
--

-- --------------------------------------------------------

--
-- Estrutura da tabela `failed_jobs`
--

CREATE TABLE `failed_jobs` (
  `id` bigint(20) UNSIGNED NOT NULL,
  `connection` text COLLATE utf8mb4_unicode_ci NOT NULL,
  `queue` text COLLATE utf8mb4_unicode_ci NOT NULL,
  `payload` longtext COLLATE utf8mb4_unicode_ci NOT NULL,
  `exception` longtext COLLATE utf8mb4_unicode_ci NOT NULL,
  `failed_at` timestamp NOT NULL DEFAULT current_timestamp()
) ENGINE=InnoDB DEFAULT CHARSET=utf8mb4 COLLATE=utf8mb4_unicode_ci;

-- --------------------------------------------------------

--
-- Estrutura da tabela `migrations`
--

CREATE TABLE `migrations` (
  `id` int(10) UNSIGNED NOT NULL,
  `migration` varchar(255) COLLATE utf8mb4_unicode_ci NOT NULL,
  `batch` int(11) NOT NULL
) ENGINE=InnoDB DEFAULT CHARSET=utf8mb4 COLLATE=utf8mb4_unicode_ci;

--
-- Extraindo dados da tabela `migrations`
--

INSERT INTO `migrations` (`id`, `migration`, `batch`) VALUES
(1, '2014_10_12_000000_create_users_table', 1),
(2, '2014_10_12_100000_create_password_resets_table', 1),
(3, '2019_08_19_000000_create_failed_jobs_table', 1),
(4, '2019_11_18_023631_create_projects_table', 1),
(5, '2019_11_19_172054_create_requirements_table', 1);

-- --------------------------------------------------------

--
-- Estrutura da tabela `password_resets`
--

CREATE TABLE `password_resets` (
  `email` varchar(255) COLLATE utf8mb4_unicode_ci NOT NULL,
  `token` varchar(255) COLLATE utf8mb4_unicode_ci NOT NULL,
  `created_at` timestamp NULL DEFAULT NULL
) ENGINE=InnoDB DEFAULT CHARSET=utf8mb4 COLLATE=utf8mb4_unicode_ci;

-- --------------------------------------------------------

--
-- Estrutura da tabela `projects`
--

CREATE TABLE `projects` (
  `id` bigint(20) UNSIGNED NOT NULL,
  `name` varchar(255) COLLATE utf8mb4_unicode_ci NOT NULL,
  `type` enum('DESENVOLVIMENTO','MELHORIA','APLICAÇÃO') COLLATE utf8mb4_unicode_ci NOT NULL,
  `user_id` bigint(20) UNSIGNED NOT NULL,
  `price` double(8,2) NOT NULL DEFAULT 0.00,
  `hours` int(11) NOT NULL DEFAULT 0,
  `created_at` timestamp NULL DEFAULT NULL,
  `updated_at` timestamp NULL DEFAULT NULL
) ENGINE=InnoDB DEFAULT CHARSET=utf8mb4 COLLATE=utf8mb4_unicode_ci;

--
-- Extraindo dados da tabela `projects`
--

INSERT INTO `projects` (`id`, `name`, `type`, `user_id`, `price`, `created_at`, `updated_at`) VALUES
(1, 'Avance 2.0 - Melhorias no plano instrucional', 'MELHORIA', 1, 0.00, '2019-11-19 20:50:59', '2019-11-21 02:23:04'),
(2, 'Avance 2.0 - Recurso: Tarefas/Exercicios', 'MELHORIA', 1, 0.00, '2019-11-21 02:23:57', '2019-11-21 02:23:57'),
(3, 'Avance 2.0 - Recurso: Quadro de notas', 'MELHORIA', 1, 0.00, '2019-11-21 15:25:05', '2019-11-25 16:11:45'),
(4, 'Avance 2.0 - Recurso: Sistema de notificações', 'MELHORIA', 1, 0.00, '2019-11-22 13:45:58', '2019-11-22 13:45:58'),
(5, 'Avance 2.0 - Recurso: Aulas/Monitorias ao Vivo', 'DESENVOLVIMENTO', 1, 0.00, '2019-11-22 14:04:52', '2019-11-22 14:04:52'),
(6, 'Avance 2.0 - Recurso: Organizador de atividades', 'MELHORIA', 1, 0.00, '2019-11-25 15:24:16', '2019-11-25 15:24:16'),
(7, 'Avance 2.0 - Recurso: Anotações no Conteúdo', 'DESENVOLVIMENTO', 1, 0.00, '2019-11-25 16:14:28', '2019-11-25 16:14:28'),
(8, 'Avance 2.0 - Recurso: Calendário de atividades/tarefas', 'MELHORIA', 1, 0.00, '2019-11-25 16:50:28', '2019-11-25 16:50:28'),
(9, 'Avance 2.0 - Recurso: Atividade resolução passo-a-passo', 'DESENVOLVIMENTO', 1, 0.00, '2019-11-25 19:32:04', '2019-11-25 19:32:04'),
(10, 'Avance 2.0 - Recurso: Daily Goal', 'DESENVOLVIMENTO', 1, 0.00, '2019-11-26 14:45:22', '2019-11-26 14:45:22'),
(11, 'Avance 2.0 - Recurso: Objetivos Individuais', 'DESENVOLVIMENTO', 1, 0.00, '2019-11-26 15:20:15', '2019-11-26 15:20:15'),
(12, 'Avance 2.0 - Relatórios de engajamento/desempenho', 'DESENVOLVIMENTO', 1, 0.00, '2019-11-26 16:12:57', '2019-11-26 16:12:57'),
(13, 'Avance 2.0 - Recurso: Modelo aberto do estudante', 'DESENVOLVIMENTO', 1, 0.00, '2019-11-27 16:32:20', '2019-11-27 16:32:20'),
(14, 'Avance 2.0 - Recurso: Narrativa/progressão', 'MELHORIA', 1, 0.00, '2019-11-27 17:16:09', '2019-11-27 17:24:16'),
(15, 'Avance 2.0 - Recurso: Feed de notícias', 'MELHORIA', 1, 0.00, '2019-11-27 17:56:56', '2019-11-27 17:56:56'),
(16, 'Avance 2.0 - Recurso: Lista de amigos/usuários on-line', 'DESENVOLVIMENTO', 1, 0.00, '2019-11-28 13:04:32', '2019-11-28 13:04:32'),
(17, 'Avance 2.0 - Recurso: Competição (leaderboard)', 'MELHORIA', 1, 0.00, '2019-11-28 13:20:34', '2019-11-28 13:20:34'),
(18, 'Avance 2.0 - Recurso: Crachás nas disciplinas/assuntos', 'DESENVOLVIMENTO', 1, 0.00, '2019-11-28 13:37:15', '2019-11-28 13:37:15'),
(19, 'Avance 2.0 - Login e Pág. Inicial do estudante', 'MELHORIA', 1, 0.00, '2019-11-28 14:07:06', '2019-11-28 14:07:06'),
(20, 'Avance 2.0 - Embaralhamento das Perguntas e Respostas', 'MELHORIA', 1, 0.00, '2019-11-28 14:44:46', '2019-11-28 14:44:46'),
(21, 'Avance 2.0 - Lab. de experimentação com suporte a testes A/B', 'DESENVOLVIMENTO', 1, 0.00, '2019-11-28 14:54:38', '2019-11-28 14:54:38');

-- --------------------------------------------------------

--
-- Estrutura da tabela `requirements`
--

CREATE TABLE `requirements` (
  `id` bigint(20) UNSIGNED NOT NULL,
  `name` varchar(255) COLLATE utf8mb4_unicode_ci NOT NULL,
  `description` text COLLATE utf8mb4_unicode_ci NOT NULL,
  `ali_data_type_amount` int(11) NOT NULL DEFAULT 0,
  `ali_register_type_amount` int(11) NOT NULL DEFAULT 0,
  `ali_justify` varchar(255) COLLATE utf8mb4_unicode_ci DEFAULT NULL,
  `aie_data_type_amount` int(11) NOT NULL DEFAULT 0,
  `aie_register_type_amount` int(11) NOT NULL DEFAULT 0,
  `aie_justify` varchar(255) COLLATE utf8mb4_unicode_ci DEFAULT NULL,
  `ee_data_type_amount` int(11) NOT NULL DEFAULT 0,
  `ee_referenced_files_amount` int(11) NOT NULL DEFAULT 0,
  `ee_justify` varchar(255) COLLATE utf8mb4_unicode_ci DEFAULT NULL,
  `se_data_type_amount` int(11) NOT NULL DEFAULT 0,
  `se_referenced_files_amount` int(11) NOT NULL DEFAULT 0,
  `se_justify` varchar(255) COLLATE utf8mb4_unicode_ci DEFAULT NULL,
  `ce_data_type_amount` int(11) NOT NULL DEFAULT 0,
  `ce_referenced_files_amount` int(11) NOT NULL DEFAULT 0,
  `ce_justify` varchar(255) COLLATE utf8mb4_unicode_ci DEFAULT NULL,
  `fp_total_amount` int(11) DEFAULT NULL,
  `project_id` bigint(20) UNSIGNED NOT NULL DEFAULT 0,
  `created_at` timestamp NULL DEFAULT NULL,
  `updated_at` timestamp NULL DEFAULT NULL
) ENGINE=InnoDB DEFAULT CHARSET=utf8mb4 COLLATE=utf8mb4_unicode_ci;

--
-- Extraindo dados da tabela `requirements`
--

INSERT INTO `requirements` (`id`, `name`, `description`, `ali_data_type_amount`, `ali_register_type_amount`, `ali_justify`, `aie_data_type_amount`, `aie_register_type_amount`, `aie_justify`, `ee_data_type_amount`, `ee_referenced_files_amount`, `ee_justify`, `se_data_type_amount`, `se_referenced_files_amount`, `se_justify`, `ce_data_type_amount`, `ce_referenced_files_amount`, `ce_justify`, `fp_total_amount`, `project_id`, `created_at`, `updated_at`) VALUES
(1, 'Agrupamento de questões consecutivas em atividades questionário (cluster).', 'o algoritmo de BKT (implementado na versão atual) somente pode ser aplicado nos clusters para cálculo da nota deste cluster.', 0, 0, 'vai ocorrer apenas mudanças em interface.', 0, 0, 'vai ocorrer apenas mudanças em interface.', 0, 0, 'vai ocorrer apenas mudanças em interface.', 0, 0, 'vai ocorrer apenas mudanças em interface.', 0, 0, 'vai ocorrer apenas mudanças em interface.', 0, 1, '2019-11-19 22:38:11', '2019-11-20 17:32:42'),
(2, 'Mínimo necessário para progredir de um assunto a outro (Min. progredir) pode ser definido em função dos XPs ou percentual das atividades e recursos.', 'Mínimo necessário para progredir de um assunto a outro (Min. progredir) pode ser definido em função dos XPs ou percentual das atividades e recursos.', 1, 1, 'será criada 1 coluna de xp mínimo no banco de dados na tabela de plano instrucional.', 0, 0, 'nenhuma outra aplicação será consultada para a implementação deste requisito.', 2, 2, 'o usuário precisará ver um campo para inserir o dado. este dado será gravado em uma coluna da tabela plano instrucional. os valores dobram pois serão implementados cadastro e edição', 0, 0, 'não irá consultar e processar dados.', 1, 1, 'o sistema precisará consultar o valor existente na implementação da parte de edição.', 13, 1, '2019-11-19 22:38:58', '2019-11-20 19:00:47'),
(3, 'XPs sempre devem ser definidos como inteiros e mudanças nos valores em cada atividade/recurso do plano instrucional, mudam os valores no Pct. de progressão.', 'Mudanças no pct. de progressão mudam os XPs de cada atividade. Assim, por exemplo, se 5 atividades/recursos tem os XPs: 30, 30, 30, 30 e 80 os pct. de progresso são:  15%, 15%, 15%, 15% e 40%.', 0, 0, 'o campo já existe porém o valor é estático. com este requisito, ele será alterado pelo usuário.', 0, 0, NULL, 2, 2, 'será implementado um campo (que irá se multiplicar com loops) e uma coluna na tabela do recurso será alterada. os valores foram duplicados porque envolvem cadastro e edição.', 0, 0, NULL, 1, 1, 'o sistema consultará o valor existente para preencher o campo na página de edição.', 6, 1, '2019-11-19 22:40:28', '2019-11-20 17:41:21'),
(4, 'O cálculo da nota para cada assunto pode ser definido como: automático baseado nos XPs  ou manual.', '- Quando é “automático” (valor por padrão), a columna nota (que indica o valor da atividade/recurso para nota no assunto) não pode ser mudada e os valores são automaticamente calculados.\r\n- Quando é “manual”, o valor de cada atividade/recurso para a nota do assunto pode ser definida pelo professor e a suma dos valores deve ser sempre 10.', 1, 1, 'uma coluna do banco de dados será criada (tipo de contagem) de uma tabela do banco de dados.', 0, 0, NULL, 2, 2, 'uma coluna de uma tabela será afetada pela modificação do usuário. os valores foram dobrados porque será implementado o cadastro e edição.', 1, 1, 'caso ocorra, na edição, uma mudança de automático para manual ou vice e versa, os dados serão consultados no banco e serão recalculados para serem inseridos nos campos.', 1, 1, 'será consultada uma coluna em uma tabela do banco de dados para preencher o campo na página de edição.', 17, 1, '2019-11-19 22:41:03', '2019-11-20 19:05:16'),
(5, 'O professor pode definir a forma de cálculo da nota de assunto como:', '- Baseado na primeira tentativa (padrão) - nota do assunto é calculada em função dos resultados obtidos na primeira tentativa do usuário/estudante\r\n- Meia das tentativas - nota do assunto é calculada em função da meia de todas as tentativas do usuário/estudante no plano instrucional\r\n- Melhor de todas as tentativas - nota do assunto é calculada como a maior nota obtida nas atividades/recursos do plano instrucional', 2, 1, 'será criado um campo para registrar o tipo de calculo da nota e outro para definir a quantidade máxima de vezes que o aluno pode repetir o assunto. isso tudo na mesma tabela do banco de dados.', 0, 0, NULL, 4, 2, 'o usuário irá preencher dois dados: tipo de cálculo e número de vezes que o aluno faz o plano. os dados foram duplicados porque serão implementados cadastro e edição.', 0, 0, NULL, 2, 1, 'serão consultados os duas colunas no banco de dados para preenchimento dos campos na página de editar.', 13, 1, '2019-11-19 22:41:36', '2019-11-20 18:09:15'),
(6, 'O professor pode definir os crachás a ser obtido pelos usuários/estudantes em cada assunto na configuração do plano instrucional indicando a nota mínima (min) e máxima (max) necessária para obter um crachá.', '- O usuário pode definir o nome de cada crachá\r\n- A imagem usada para representar cada crachá e\r\n- Outros dados referentes à especificação do openbadge (https://www.imsglobal.org/sites/default/files/Badges/OBv2p0Final/index.html) (A maioria dos valores podem ser inferidos automáticamento pelo contexto do assunto/disciplina e informação do professor, instituição e o estudante)', 4, 1, 'criação das colunas nome, imagem do crachá, nota mínima e nota máxima. só foram considerados os dois campos mencionados no requisito. em relação ao link, não se tem como estimar.', 0, 0, NULL, 8, 2, 'o usuário irá preencher quatro campos: nome do crachá e imagem, nota máxima e nota mínima de uma mesma tabela. os valores foram duplicados devido a implementação de cadastro e edição.', 0, 0, NULL, 4, 1, 'o sistema irá consultar as 4 colunas no banco de dados para preencher os campos na página de editar.', 14, 1, '2019-11-19 22:42:12', '2019-11-20 21:45:03'),
(7, 'Remover o agrupamento de atividades “estudar - cadeado - ver nota” do plano instrucional', 'Remover o agrupamento de atividades “estudar - cadeado - ver nota” do plano instrucional (isso foi trazido do camaleão, onde o estudante inicialmente pode estudar, ter um desafio e logo praticar com mais exercícios/questões). No avance para a USP, cada professor define o plano instrucional de cada assunto, assim o recurso de “estudar - ver nota” não faz mais sentido e deve ser mudado pelo plano instrucional definido pelo docente.', 0, 0, 'apenas serão feitas mudanças em interface. o aluno clica no assunto e já aparece o plano instrucional.', 0, 0, 'apenas serão feitas mudanças em interface. o aluno clica no assunto e já aparece o plano instrucional.', 0, 0, 'apenas serão feitas mudanças em interface. o aluno clica no assunto e já aparece o plano instrucional.', 0, 0, 'apenas serão feitas mudanças em interface. o aluno clica no assunto e já aparece o plano instrucional.', 0, 0, 'apenas serão feitas mudanças em interface. o aluno clica no assunto e já aparece o plano instrucional.', 0, 1, '2019-11-19 22:44:23', '2019-11-20 18:20:09'),
(8, 'As informações do assunto e plano instrucional devem ser definidas como missões e usando o framework SMART (specific - específica, measurable - mensurável, achievable - realizável, relevant - relevante e time-based - baseado no tempo).', '- Para tornar específico (specific) o assunto, ícones específicos e título do assunto maior devem ser destacados.\r\n- Para tornar mensurável (measurable), o assunto deve apresentar o seu peso na nota final da disciplina o estudante deve saber o valor na nota final do assunto e os valores de XP a ser ganhos por cada atividade/recurso do plano instrucional. Assim, o tamanho da progressão por atividade/recurso deve manter relação como os valores definidos no XPs.\r\n- Para tornar realizável (achievable), o tempo meio efetivo necessário para completar o assunto baseado no tempo meio em completar todo o assunto por outros participantes deve ser apresentado no plano instrucional.\r\n- Para tornar relevante (relevant), o plano do assunto deve apresentar: os crachás que podem ser obtidos, as notas necessárias para obter esses crachás, o valor de XPs que podem ser obtidos, a nota que pode ser obtida com o a forma de obtenção da nota, e o peso do assunto na nota final. Em adição a essas informações, quando o usuário/estudante passar o mouse em cada uma das atividades/recurso do plano instrucional, informações de quanto vale na nota do assunto.\r\n- Para tornar baseado no tempo (time-based), o assunto deve apresentar: o prazo de entrega/conclusão do assunto, e o tempo meio efetivo necessário para completar o assunto. Em adição a essas informações, quando o usuário/estudante passar o mouse em cada uma das atividades/recurso do plano instrucional, e tempo médio necessário em cada recurso/atividade deve ser apresentado ao usuário/estudante.    ', 0, 0, NULL, 0, 0, NULL, 0, 0, NULL, 2, 2, 'consultar o xp e processar o tamanho da progressão e consultar as medias de tempo e mostrar a media de tempo assunto; 2 tabelas serão consultadas: plano e recurso.', 7, 3, 'peso do assunto na disciplina, valor na nota final, valores de xp, crachas, notas dos crachas, peso de cada recurso, tempo de cada recurso de 3 tabelas (plano, recurso e cracha)', 8, 1, '2019-11-19 22:46:01', '2019-11-20 19:15:57'),
(9, 'Na edição do planejamento pedagógico do àrvore de assuntos, o docente pode definir os pesos de cada assunto na nota final. Quando o peso é mudado em algum assunto, o valor do assunto na nota final é mudado automaticamente.', 'Na edição do planejamento pedagógico do àrvore de assuntos, o docente pode definir os pesos de cada assunto na nota final. Quando o peso é mudado em algum assunto, o valor do assunto na nota final é mudado automaticamente.', 1, 1, 'será criado um campo peso do assunto em uma tabela do plano', 0, 0, NULL, 2, 1, 'o requisito informa que será um campo somente na página de edição. modificará o peso e o valor do assunto.', 0, 0, NULL, 1, 1, 'será consultado o peso e inserido no campo na página de edição.', 13, 1, '2019-11-19 22:49:10', '2019-11-20 19:20:16'),
(10, 'O sistema apresentará dinamicamente como é efetuado o cálculo da nota final para a disciplina na edição do planejamento pedagógico do àrvore de assuntos.', 'O sistema apresentará dinamicamente como é efetuado o cálculo da nota final para a disciplina na edição do planejamento pedagógico do àrvore de assuntos.', 0, 0, NULL, 0, 0, NULL, 0, 0, NULL, 2, 1, 'será consultado a nota e o peso de cada assunto (considera apenas uma tabela de assunto) para ser mostrada uma fórmula e resultado para o usuário', 0, 0, NULL, 4, 1, '2019-11-19 22:49:18', '2019-11-20 19:40:47'),
(11, 'O professor pode definir os crachás a ser obtido pelos usuários/estudantes em cada disciplina no planejamento pedagógico indicando a nota mínima (min) e máxima (max) necessária para obter um crachá.', '- O usuário pode definir o nome de cada crachá\r\n- A imagem usada para representar cada crachá e\r\n- Outros dados referentes à especificação do openbadge (https://www.imsglobal.org/sites/default/files/Badges/OBv2p0Final/index.html) (A maioria dos valores podem ser inferidos automáticamento pelo contexto do assunto/disciplina e informação do professor, instituição e o estudante)', 0, 0, NULL, 0, 0, NULL, 8, 2, '4 colunas serão criadas em uma tabela. nome, imagem, nota maxima e nota minima.  os valores foram duplicados devido ao cadastro e edição.', 0, 0, NULL, 4, 1, 'serão consultados os dados referentes aos crachás para preenchimento dos campos na página de edição.', 7, 1, '2019-11-19 22:49:25', '2019-11-20 21:44:32'),
(12, 'O professor pode visualizar e/ou mudar o plano instrucional de cada assunto sem precisar sair da página de configuração do planejamento pedagógico.', 'O professor pode visualizar e/ou mudar o plano instrucional de cada assunto sem precisar sair da página de configuração do planejamento pedagógico.', 0, 0, 'serão feitas apenas mudanças de interface', 0, 0, 'serão feitas apenas mudanças de interface', 0, 0, 'serão feitas apenas mudanças de interface', 0, 0, 'serão feitas apenas mudanças de interface', 0, 0, 'serão feitas apenas mudanças de interface', 0, 1, '2019-11-19 22:50:02', '2019-11-20 19:26:35'),
(13, 'Os crachás que são obtidos ao finalizar cada assunto são apresentados na àrvore de planejamento pedagógico.', 'Os crachás que são obtidos ao finalizar cada assunto são apresentados na àrvore de planejamento pedagógico.', 0, 0, NULL, 0, 0, NULL, 0, 0, NULL, 0, 0, NULL, 1, 1, 'será consultada a imagem do crachá e mostrada para o usuário no assunto', 3, 1, '2019-11-19 22:50:10', '2019-11-20 19:30:45'),
(14, 'O peso na nota da disciplina de cada assunto, assim como o tempo meio efetivo necessário para completar o assunto devem ser apresentados em cada item da árvore.', 'O peso na nota da disciplina de cada assunto, assim como o tempo meio efetivo necessário para completar o assunto devem ser apresentados em cada item da árvore. Os valores corrente, mínimo e máximo de XPs que podem se obtidos como parte da progressão no assunto também devem ser apresentados em cada item da árvore.', 0, 0, NULL, 0, 0, NULL, 0, 0, NULL, 0, 0, NULL, 5, 1, '5 campos sendo consultados em uma tabela e mostrados sem processamento.', 3, 1, '2019-11-19 22:50:37', '2019-11-20 19:14:45'),
(15, 'Além de definir XP ou pct. de progressão e nota, o docente pode definir o “Tempo Médio Efetivo” (TME) de cada recurso/actividade ou tarefa.', 'Além de definir XP ou pct. de progressão e nota, o docente pode definir o “Tempo Médio Efetivo” (TME) de cada recurso/actividade ou tarefa.     Por padrão, alguns valores serão indicados aqui para facilitar o trabalho do professor, esses valores são\r\n- TME(vídeo) - duração do vídeo\r\n- TME(pdf-file) - contagem de palavras * 130 palavras/minuto', 1, 1, 'uma coluna será criada em uma tabela do banco de dados.', 0, 0, NULL, 2, 2, 'um campo de uma tabela será afetado . os valores foram duplicados porque envolve cadastro e edição', 0, 0, NULL, 1, 1, 'a coluna será consultada e o valor será preenchido no campo na página de edição', 13, 1, '2019-11-19 22:51:06', '2019-11-20 19:33:08'),
(16, 'Exibir a lista de exercícios/tarefas na configuração de cada assunto. Cada exercicio/tarefa será exibido apresentando a sequencia de recursos associado ao exercicio/tarefa, data inicio/fim, e bônus XPs/nota no caso de ser uma tarefa', 'Exibir a lista de exercícios/tarefas na configuração de cada assunto. Cada exercicio/tarefa será exibido apresentando a sequencia de recursos associado ao exercicio/tarefa, data inicio/fim, e bônus XPs/nota no caso de ser uma tarefa', 0, 0, NULL, 0, 0, NULL, 0, 0, NULL, 1, 1, 'vai consultar o tipo do recurso e assim inserir o ícone correto', 1, 1, 'consultará o bônus de XP', 7, 2, '2019-11-21 02:10:44', '2019-11-21 03:22:33'),
(17, 'Ao criar ou editar um exercício, se mais de um recurso for adicionado como parte do exercício, o docente poderá definir o pct de avanço que cada atividade/recurso, as turmas às que será atribuida o exercio e o periodo de tempo de validade do exercício.', 'Ao criar ou editar um exercício, se mais de um recurso for adicionado como parte do exercício, o docente poderá definir o pct de avanço que cada atividade/recurso, as turmas às que será atribuida o exercio e o periodo de tempo de validade do exercício.', 0, 0, NULL, 0, 0, NULL, 4, 2, 'o usuário vai cadastrar os recursos e a porcentagem de cada um. o número foi dobrado devido as operações de cadastro e edição.', 0, 0, NULL, 2, 1, 'vai consultar os recursos e os pesos para serem preenchidos nos campos na página de edição.', 6, 2, '2019-11-21 02:11:01', '2019-11-21 03:36:58'),
(18, 'Ao criar uma tarefa, o docente deverá definir o valor da recompensa extra associada ao assunto.', 'Ao criar uma tarefa, o docente deverá definir o valor da recompensa extra associada ao assunto. A recompensa pode ser de pontução em XP ou nota, e a forma de cálculo do bônus, as quais podem ser: baseado na 1ra tentativa, meia de todas as tentativas e melhor de todas as tentativas.', 3, 1, 'serão criadas as colunas tipo de recompensa, forma de cálculo e quantidade de tentativas máxima na tabela de exercício', 0, 0, NULL, 6, 2, 'irá informar o tipo de bônus, a forma de cálculo e o número de tentativas. os valores foram dobrados por conta do cadastro e edição.', 0, 0, NULL, 3, 1, 'as colunas tipo de bônus, tipo de cálculo e número máximo de tentativas serão consultadas para preencher os campos na página de editar.', 14, 2, '2019-11-21 02:11:06', '2019-11-21 04:07:41'),
(19, 'Quando for mais de uma atividade/recurso definido como uma tarefa, o docente deve definir o pct de de avanço na sequência de atividades/recursos ou a nota/XP de cada atividade/recurso.', 'Quando for mais de uma atividade/recurso definido como uma tarefa, o docente deve definir o pct de de avanço na sequência de atividades/recursos ou a nota/XP de cada atividade/recurso. A soma na nota/XP da sequência de atividades/recursos não deve ser maior na nota/XP definida como bônus na tarefa.', 2, 1, 'serão criadas duas colunas na tabela de exercício: porcentagem de avanço e xp para avanço.', 0, 0, NULL, 4, 2, 'sim, ele cadastra/edita a porcentagem de avanço ou xp de avanço. os valores foram duplicados devido a duas operações.', 0, 0, NULL, 2, 1, 'consulta a tabela de exercicios para preencher os campos na página de editar', 13, 2, '2019-11-21 02:12:34', '2019-11-21 14:45:12'),
(20, 'Na seleção da turma, o docente pode selecionar estudantes particulares da turma para atribuir específicamente a eles uma tarefa.', 'Na seleção da turma, o docente pode selecionar estudantes particulares da turma para atribuir específicamente a eles uma tarefa. Quando o docente decidir selecionar estudantes especificos da turma, um “sistema de recomendação de exercicios/tarefas” será ativado.', 0, 0, NULL, 0, 0, NULL, 2, 2, 'o usuário irá selecionar usuários (loop) para fazer o exercício (apenas uma tabela). os valores foram dobrados pois envolve cadastro e edição', 0, 0, NULL, 5, 4, 'para cadastro, será mostrado pelo menos a foto e o nome do usuário para seleção. na edição precisa-se consultar se o aluno está selecionado ou não para poder manter marcado. 5 campos (2 cadastro 3 edição) e 4 tabelas (turma e usuários cadastro e edição)', 7, 2, '2019-11-21 02:12:58', '2019-11-21 04:17:54'),
(21, 'No “sistema de recomendação de exercicios/tarefas”, cores/ícones devem ser usados para diferenciar atividades/recursos completados das atividades/recursos não completados.', 'No “sistema de recomendação de exercicios/tarefas”, cores/ícones devem ser usados para diferenciar atividades/recursos completados das atividades/recursos não completados. Para isso, ele apresenta as atividades/recursos do plano instrucional como columnas e os participantes da turma como linhas de uma tabela.', 0, 0, NULL, 0, 0, NULL, 0, 0, NULL, 1, 1, 'serão consultados os recursos (loop) que já foram feitos e utilizar um esquema de cores para mostrar isso ao usuário.', 0, 0, NULL, 4, 2, '2019-11-21 02:13:18', '2019-11-21 05:50:29'),
(22, 'Desafio é um tipo de tarefa especial que pode ser definido pelo docente na qual são empregadas atividades/recursos do plano instrucional.', 'Desafio é um tipo de tarefa especial que pode ser definido pelo docente na qual são empregadas atividades/recursos do plano instrucional. O propósito é dar uma chance aos estudantes a melhorarem notas quando o prazo foi esgotado para finalizar o assunto ou quando o docente quer motivar aos estudantes a completar o plano instrucional adicionando recompensas extras no plano instrucional.', 2, 3, 'vão ser criados os campos prazo, bônus (xp ou nota) e vai se relacionar com duas tabelas: usuários e recursos', 0, 0, NULL, 10, 1, 'vai selecionar prazo, bonus, turma, alunos e recursos. o dado foi duplicado devido ao cadastro e edição.', 0, 0, NULL, 9, 3, 'na página de edição, vai preencher os campos de prazo, bonus, turma selecionada, alunos (nome e foto) e recursos. nesses 3 últimos, cadastro e edição. as tabelas serão desafio, usuários e recursos.', 14, 2, '2019-11-21 02:13:34', '2019-11-21 15:12:20'),
(23, 'Quando uma tarefa/exercio é criado, além de ser apresentando na página do assunto,  ele será apresentado para os usuários no recurso: organizador de atividades/tarefas.', 'Quando uma tarefa/exercio é criado, além de ser apresentando na página do assunto,  ele será apresentado para os usuários no recurso: organizador de atividades/tarefas.', 0, 0, NULL, 0, 0, NULL, 0, 0, NULL, 0, 0, NULL, 0, 0, NULL, 0, 2, '2019-11-21 02:13:52', '2019-11-21 05:54:46'),
(24, 'Um quadro de notas é exibido por cada disciplina e turma. Ele apresenta a nota final da disciplina, a nota de cada assunto, as notas de cada atividade/recurso (do plano instrucional do assunto) e as notas das tarefas de cada assunto.', 'Um quadro de notas é exibido por cada disciplina e turma. Ele apresenta a nota final da disciplina, a nota de cada assunto, as notas de cada atividade/recurso (do plano instrucional do assunto) e as notas das tarefas de cada assunto.', 0, 0, NULL, 0, 0, NULL, 0, 0, NULL, 1, 1, 'haverá uma consulta das notas dos assuntos e feito um cálculo para mostrar a nota da disciplina para o usuário', 3, 3, 'consulta de nota de assunto, de atividade/recurso e de tarefa (três tabelas: plano instrucional, recurso e tarefa)', 7, 3, '2019-11-21 16:06:19', '2019-11-22 13:34:54'),
(25, 'Filtros para segmentar o conteúdo das notas (por assunto e tipo).', 'Filtros para segmentar o conteúdo das notas (por assunto e tipo).', 0, 0, NULL, 0, 0, NULL, 0, 0, NULL, 0, 0, NULL, 2, 1, 'dois filtros, duas consultas para atualizar a tabela.', 3, 3, '2019-11-21 16:07:46', '2019-11-22 13:36:18'),
(26, 'O professor pode editar manualmente a atividade para cada usuário/estudante ou resetar a atividade para cada usuário/estudante específico.', 'O professor pode editar manualmente a atividade para cada usuário/estudante ou resetar () a atividade para cada usuário/estudante específico.', 0, 0, NULL, 0, 0, NULL, 4, 1, 'como o editar atividade já estaria implementado, apenas o reset é contado. então o reset por afetar os campos data inicial, data final, peso na nota e nota.', 0, 0, NULL, 0, 0, 'somente no editar, porém se for utilizada a mesma página, ela já estaria implementada e não seria contada.', 3, 3, '2019-11-21 16:09:16', '2019-11-22 13:44:30'),
(27, 'Quando a atividade é resetada ou modificada manualmente pelo docente, ele deve especificar um mensagem de notificação que será enviado para o email do estudante acerca da mudança manual da nota ou reset da atividade.', 'Quando a atividade é resetada ou modificada manualmente pelo docente, ele deve especificar um mensagem de notificação que será enviado para o email do estudante acerca da mudança manual da nota ou reset da atividade.', 0, 0, NULL, 0, 0, NULL, 0, 0, NULL, 0, 0, NULL, 0, 0, NULL, 0, 3, '2019-11-21 16:09:42', '2019-11-22 13:41:36'),
(28, 'Em cada célula do quadro de notas, será apresentado um link para acessar à atividade/tarefa efetuada de cada estudante. Ao fazer click no link, uma nova janela será aberta para o docente verificar a atividade/tarefa do estudante.', 'Em cada célula do quadro de notas, será apresentado um link para acessar à atividade/tarefa efetuada de cada estudante. Ao fazer click no link, uma nova janela será aberta para o docente verificar a atividade/tarefa do estudante.', 0, 0, NULL, 0, 0, NULL, 0, 0, NULL, 0, 0, NULL, 0, 0, NULL, 0, 3, '2019-11-21 16:10:36', '2019-11-22 13:42:23'),
(29, 'No topo de cada atividade/tarefa, o botão resetar () estará disponivel para resetar a atividade/tarefa para todos os estudantes da turma.', 'No topo de cada atividade/tarefa, o botão resetar () estará disponivel para resetar a atividade/tarefa para todos os estudantes da turma.', 0, 0, NULL, 0, 0, NULL, 4, 1, 'assim como no reset individual, haverá o reset mútiplo, porém só se conta um por conta de um loop. data final, data inicial,peso e nota poderão ser afetados', 0, 0, NULL, 0, 0, NULL, 3, 3, '2019-11-21 16:10:44', '2019-11-22 13:44:05'),
(30, 'Noitificações são recebidas pelos usuários em forma de email.', 'Noitificações são recebidas pelos usuários em forma de email.', 0, 0, NULL, 0, 0, NULL, 0, 0, NULL, 0, 0, NULL, 0, 0, NULL, 0, 4, '2019-11-22 13:48:46', '2019-11-22 13:55:56'),
(31, 'Na criação/edição do (i) planejamento pedagógico dos assuntos da disciplina, do (ii) planejamento instrucional de cada assunto, de (iii) conteúdo adicional, (iv) exercícios/tarefas e (v) monitorias', 'Na criação/edição do (i) planejamento pedagógico dos assuntos da disciplina, do (ii) planejamento instrucional de cada assunto, de (iii) conteúdo adicional, (iv) exercícios/tarefas e (v) monitorias, os docentes e/ou gestores podem enviar notifações para os estudantes de uma especifica turma indicando a criação do novo recurso/atividade ou edição do conteúdo assunto.', 0, 0, NULL, 0, 0, NULL, 0, 0, NULL, 0, 0, NULL, 7, 5, 'supondo que no email serão consultadas as informações para montagem do texto: em planejamento pedagógico, nome, data inicial, data final (3); e o restante nome (4). 5 tabelas diferentes serão consultadas.', 6, 4, '2019-11-22 13:50:05', '2019-11-22 13:59:55'),
(32, 'A mensagem apresenta um template padrão para cada tipo de ação criação ou edição e recurso:  planejamento pedagógico, plano instrucional, conteúdo adicional, exercícios/tarefas e monitorias', 'A mensagem apresenta um template padrão para cada tipo de ação criação ou edição e recurso:  planejamento pedagógico, plano instrucional, conteúdo adicional, exercícios/tarefas e monitorias', 0, 0, NULL, 0, 0, NULL, 0, 0, NULL, 0, 0, NULL, 0, 0, NULL, 0, 4, '2019-11-22 13:50:53', '2019-11-22 14:00:16'),
(33, 'O usuário pode configura no seu profile os tipos de mensagens a receber pela plataforma e a frequências das mensagens:', 'O usuário pode configura no seu profile os tipos de mensagens a receber pela plataforma e a frequências das mensagens:\r\n- Uma mensagem por cada criação/edição de conteudo no plano instrucional\r\n- Uma mensagem diára com todas as notificações acontecidas no dia', 2, 1, 'campo tipos de mensagens e frequência das mensagens', 0, 0, NULL, 2, 1, 'o usuário irá editar os campos tipo das mensagens e frequência das mensagens', 0, 0, NULL, 2, 1, 'os campos tipo e frequência das mensagens serão consultados para preenchimento deles na página de edição.', 13, 4, '2019-11-22 13:51:14', '2019-11-22 14:03:14'),
(37, 'Docentes e monitores podem marcar a aula/monitoria online indicando a: data da monitoria, título, assunto (descrição),  duração e os participantes que irão ser parte da monitoria.', 'Docentes e monitores podem marcar a aula/monitoria online indicando a: data da monitoria, título, assunto (descrição),  duração e os participantes que irão ser parte da monitoria.', 5, 2, 'Duas tabelas estarão envolvidas: monitoria e usuários', 0, 0, NULL, 10, 2, '5 campos para cadastrar e 5 para editar. 2 tabelas estarão envolvidas: monitoria e usuarios', 0, 0, NULL, 5, 2, 'irá consultar os 5 dados para preencher os campos na página de editar', 14, 5, '2019-11-22 14:06:08', '2019-11-22 16:30:28'),
(38, 'Por padrão ele pode selecionar uma única turma para participar da aula/monitoria', 'Por padrão ele pode selecionar uma única turma para participar da aula/monitoria. No entanto, ele pode especificar que mais de uma turma seja parte da aulas/monitorias e também especificar os membros específicos das turmas selecionadas que serão participantes da aula/monitoria online.', 0, 0, NULL, 0, 0, NULL, 0, 0, NULL, 0, 0, NULL, 0, 0, NULL, 0, 5, '2019-11-22 14:06:20', '2019-11-22 16:34:24'),
(39, 'Uma vez marcada a aula/monitoria online, ela será criada em alguma plataforma com suporte a live streaming', 'Uma vez marcada a aula/monitoria online, ela será criada em alguma plataforma com suporte a live streaming como por exemplo os eventos youtube live streaming (https://developers.google.com/youtube/v3/live/getting-started). Isso possibilitará que a aula/monitoria após finalizada fique registrada online, para acesso de outros estudantes quando eles desejarem.', 0, 0, NULL, 5, 2, 'campos nome, descrição, data, duração e usuarios serão utilizados em outra aplicação para gravar a live', 0, 0, NULL, 0, 0, NULL, 0, 0, NULL, 5, 5, '2019-11-22 14:07:31', '2019-11-22 16:35:41'),
(40, 'Aulas/monitorias online são um recurso do mesmo tipo que atividades por pares, questões, pdf e link', 'Aulas/monitorias online são um recurso do mesmo tipo que atividades por pares, questões, pdf e link. Assim, eles podem ser cadastrados como parte do plano instrucional de um tópico e indicar um peso para as elas.', 0, 0, NULL, 0, 0, NULL, 0, 0, NULL, 0, 0, NULL, 2, 1, 'será consultada mais uma tabela (a de monitoria) para ser inserida no cadastro/edição do plano', 3, 5, '2019-11-22 14:07:43', '2019-11-22 16:38:08'),
(41, 'Aulas/monitorias online são um recurso que também pode ser opcional nas disciplinas, não precisando ser parte de um plano instrucional.', 'Aulas/monitorias online são um recurso que também pode ser opcional nas disciplinas, não precisando ser parte de um plano instrucional. Assim, cada disciplina apresenta uma seção de monitorias onde:\r\n- Visualizar as aulas/monitorias  marcadas na disciplina, horário e link\r\n- O estudante pode indicar sua presença na monitoria, e\r\n- Acessar à aula/monitoria online \r\n- Visualizar aulas/monitorias efetuadas', 0, 0, NULL, 0, 0, NULL, 0, 0, NULL, 0, 0, NULL, 0, 0, NULL, 0, 5, '2019-11-22 14:08:12', '2019-11-22 16:43:30'),
(42, 'Na tela inicial do sistema, o estudante poderá visualizar um calendário das monitorias em andamento', 'Na tela inicial do sistema, o estudante poderá visualizar um calendário das monitorias em andamento (somente as que pode acessar), as monitorias na qual ele indicou sua participação. <- Sugestão: Aproveitar o “quadro de tarefas/atividades” para não precisar criar uma nova seção.', 0, 0, NULL, 0, 0, NULL, 0, 0, NULL, 0, 0, NULL, 4, 1, 'campos como título, data, duração, descrição serão recuperados para serem mostrados no quadro de atividades', 3, 5, '2019-11-22 14:08:28', '2019-11-22 16:45:13'),
(43, 'Mostrar as tarefas/atividades (dos assuntos) em andamento (Isso é as atividades/tarefas que o usuário deu inicio, mas não foi concluido por eles)', 'Mostrar as tarefas/atividades (dos assuntos) em andamento (Isso é as atividades/tarefas que o usuário deu inicio, mas não foi concluido por eles)', 0, 0, NULL, 0, 0, NULL, 0, 0, NULL, 0, 0, NULL, 0, 0, NULL, 0, 6, '2019-11-25 15:48:43', '2019-11-25 15:53:03'),
(44, 'Mostrar as tarefas/atividades atribuidas pelo professor diretamente para o estudante', 'Mostrar as tarefas/atividades atribuidas pelo professor diretamente para o estudante', 0, 0, NULL, 0, 0, NULL, 0, 0, NULL, 0, 0, NULL, 0, 0, NULL, 0, 6, '2019-11-25 15:48:49', '2019-11-25 15:53:18'),
(45, 'Mostrar as tarefas/atividades que o estudante pode efetuar com único click (Isto é tarefas/atividades da qual o estudante pode participar fazendo um click porque ele cumpre com todos os requisitos - para efetuar a atividade)', 'Mostrar as tarefas/atividades que o estudante pode efetuar com único click (Isto é tarefas/atividades da qual o estudante pode participar fazendo um click porque ele cumpre com todos os requisitos - para efetuar a atividade)', 0, 0, NULL, 0, 0, NULL, 0, 0, NULL, 0, 0, NULL, 0, 0, NULL, 0, 6, '2019-11-25 15:48:57', '2019-11-25 15:53:35'),
(46, 'Mostrar as tarefas/atividades cujo prazo de entrega esta por esgotar (3-5 dias por padrão)', 'Mostrar as tarefas/atividades cujo prazo de entrega esta por esgotar (3-5 dias por padrão)', 0, 0, NULL, 0, 0, NULL, 0, 0, NULL, 0, 0, NULL, 0, 0, NULL, 0, 6, '2019-11-25 15:49:05', '2019-11-25 15:53:47'),
(47, 'As atividades/tarefas cujo prazo de entrega estão por esgotar devem ser sempre destacadas (cores e ícones diferentes) e elas devem estar sempre nas primeiras posições', 'As atividades/tarefas cujo prazo de entrega estão por esgotar devem ser sempre destacadas (cores e ícones diferentes) e elas devem estar sempre nas primeiras posições', 0, 0, NULL, 0, 0, NULL, 0, 0, NULL, 0, 0, NULL, 0, 0, NULL, 0, 6, '2019-11-25 15:49:12', '2019-11-25 15:54:06'),
(48, 'O usuário deve conseguir configurar o número de dias que define o que é uma tarefa por esgotar', 'O usuário deve conseguir configurar o número de dias que define o que é uma tarefa por esgotar', 0, 0, NULL, 0, 0, NULL, 0, 0, NULL, 0, 0, NULL, 0, 0, NULL, 0, 6, '2019-11-25 15:49:18', '2019-11-25 15:54:20'),
(49, 'O usuário deve poder usar drag-drop para organizar a posição das tarefas/atividades', 'O usuário deve poder usar drag-drop para organizar a posição das tarefas/atividades', 0, 0, NULL, 0, 0, NULL, 0, 0, NULL, 0, 0, NULL, 0, 0, NULL, 0, 6, '2019-11-25 15:49:25', '2019-11-25 15:54:40'),
(50, 'O usuário deve conseguir configurar o número de atividades/tarefas e de que disciplinas serão apresentadas no organizador de atividades', 'O usuário deve conseguir configurar o número de atividades/tarefas e de que disciplinas serão apresentadas no organizador de atividades', 0, 0, NULL, 0, 0, NULL, 0, 0, NULL, 0, 0, NULL, 0, 0, NULL, 0, 6, '2019-11-25 15:49:33', '2019-11-25 15:55:01'),
(51, 'Enviar notificações por email diàrias das tarefas/atividades cujo prazo estão por esgotar', 'Enviar notificações por email diàrias das tarefas/atividades cujo prazo estão por esgotar', 0, 0, NULL, 0, 0, NULL, 0, 0, NULL, 0, 0, NULL, 0, 0, NULL, 0, 6, '2019-11-25 15:49:40', '2019-11-25 15:55:04'),
(52, 'O usuário deve conseguir configurar a frequência das notificações. per day/per 2 day/per week', 'O usuário deve conseguir configurar a frequência das notificações. per day/per 2 day/per week', 0, 0, NULL, 0, 0, NULL, 0, 0, NULL, 0, 0, NULL, 0, 0, NULL, 0, 6, '2019-11-25 15:49:47', '2019-11-25 15:55:06'),
(53, 'Fazer mais específica e intiutiva a descrição da atividade/tarefa.', 'Fazer mais específica e intiutiva a descrição da atividade/tarefa, apresentando:\r\n- Um ícone da disciplina/assunto correpondente à atividade/tarefa a ser efetuada\r\n- Um ícone do tipo da próxima atividade/tarefa a ser efetuada\r\n- Texto que indica a disciplina e assunto da atividade/tarefa\r\n- Texto com o título da prox. atividade', 0, 0, NULL, 0, 0, NULL, 0, 0, NULL, 2, 1, 'será consultada o tipo de atividade corrente e mostrar em forma de ícone. será também consultada o tipo da próxima atividade e mostrar em forma de ícone.', 3, 1, 'texto com o nome da disciplina e assunto da atividade e titulo da proxima atividade', 7, 6, '2019-11-25 15:50:21', '2019-11-25 16:00:23'),
(54, 'Dar suporte ao “gerenciamento de tempo” das atividades/tarefas', 'Dar suporte ao “gerenciamento de tempo” das atividades/tarefas, apresentando:\r\n- O tempo meio efetivo necessário aprox. para completar a atividade (tempo calculado como a meia de tempo efetivo gasto por outros estudantes em completar a atividade/tarefa)\r\n- Uma sugestão que indique que a atividade pode ser efetuada “Hoje” (baseado nos objetivos diarios do estudante e o tempo meio efetitvo para completar a atividade)', 1, 1, 'criação da coluna de tempo gasto pelo usuário para resolver a atividade', 0, 0, NULL, 0, 0, NULL, 2, 2, 'consultar tempo de realização da atividade de vários estudantes e mostrar em forma de média e consultar objetivo diário do usuário e fazer cálculo com a média para mostrar o que pode ser feito hoje', 0, 0, NULL, 11, 6, '2019-11-25 15:50:50', '2019-11-25 16:04:46'),
(55, 'Incrementar percepção na relevancia da atividade/tarefa', 'Incrementar percepção na relevancia da atividade/tarefa apresentando:\r\n- O valor da atividade/tarefas na nota do assunto/disciplina\r\n- O valor de XP que pode ser obtido como parte da narrativa/progresso\r\n- Se completando a atividade/tarefa, o estudante consegue finalizar um assunto/disciplina ou o desbloqueio de um outro assunto', 0, 0, NULL, 0, 0, NULL, 0, 0, NULL, 1, 1, 'consultar a proxima atividade (do plano) e mostrar na forma de se estudante consegue finalizar um assunto/disciplina ou o desbloqueio de um outro assunto', 2, 1, 'O valor da atividade/tarefas na nota do assunto/disciplina - O valor de XP que pode ser obtido como parte da narrativa/progresso', 7, 6, '2019-11-25 15:51:17', '2019-11-25 16:06:32'),
(56, 'Estudante podem realizar anotações em seções das videos aulas', 'Estudante podem realizar anotações em seções das videos aulas', 1, 1, 'deverá ser criada uma coluna anotação referenciando o recurso', 0, 0, NULL, 2, 1, 'irá cadastrar/editar em um registro que seria o da anotação', 0, 0, NULL, 1, 1, 'consultar a coluna no banco para mostrar na página de edição', 13, 7, '2019-11-25 16:15:14', '2019-11-25 16:19:26'),
(57, 'Estudantes podem realizar anotações e destaques do texto em PDFs e HMLs.', 'Estudantes podem realizar anotações e destaques do texto em PDFs e HMLs.', 0, 0, NULL, 0, 0, NULL, 1, 1, 'o usuário poderá fazer anotações nos recursos video, pdf, colaborativas, forum, pares, provas, exercícios.', 0, 0, NULL, 1, 1, 'o consultará anotações nas páginas dos recursos de video, pdf, colaborativas, forum, pares, provas, exercícios.', 6, 7, '2019-11-25 16:15:19', '2019-11-25 16:33:32'),
(58, 'O estudante tem uma seção/recurso “MInhas Anotações e Destaques” na qual é apresentada os destaques e anotações feitos pelo usuário, no qual:', 'O estudante tem uma seção/recurso “MInhas Anotações e Destaques” na qual é apresentada os destaques e anotações feitos pelo usuário, no qual:\r\n(a) O usuário pode efetuar a busca nas anotações usando uma ferramenta busca\r\n(b) O conteúdo com annotações é organizado e estruturado de acordo com as disciplinas e assuntos ao qual eles pertencem\r\n(c) A descripção do recurso, assunto e disciplina na qual ele corresponde são apresentadas ao usuário\r\n(d) O número de destaques e anotações são apresentados ao usuáro\r\n(e) As anotações e destaques apresentam opções para remover ou editar as notas', 0, 0, NULL, 0, 0, NULL, 1, 1, 'função de remover', 0, 0, NULL, 10, 6, '6 campos retornados para o usuário (busca, anotação, disciplina, assunto, destaque) e 3 tabelas diferentes (anotação, disciplina e assunto). O recurso terá uma página que mostra e outra que edita, por isso os valores foram duplicados.', 9, 7, '2019-11-25 16:15:24', '2019-11-25 16:44:09'),
(59, 'Cada usuário/estudante tem calendarios individualizados no qual os eventos são definidos empregando as datas definidas para as atividades/assuntos das discipinas, monitorias/aulas e tarefas/exercicios.', 'Cada usuário/estudante tem calendarios individualizados no qual os eventos são definidos empregando as datas definidas para as atividades/assuntos das discipinas, monitorias/aulas e tarefas/exercicios.', 0, 0, NULL, 0, 0, NULL, 0, 0, NULL, 0, 0, NULL, 0, 0, NULL, 0, 8, '2019-11-25 16:50:48', '2019-11-25 16:55:48'),
(60, 'O usuário/estudante pode definir alertas/notificações via email das monitorias/aulas ao vivo. Por padrão, essas alertas/notificações são enviadas 30 min antes.', 'O usuário/estudante pode definir alertas/notificações via email das monitorias/aulas ao vivo. Por padrão, essas alertas/notificações são enviadas 30 min antes.', 1, 1, 'criação da coluna alerta na tabela de eventos do calendário', 0, 0, NULL, 3, 3, 'o usuário poderá cadastrar , editar e excluir um alerta', 0, 0, NULL, 1, 1, 'o sistema consultará o alerta no banco de dados para ser mostrado na parte de edição.', 14, 8, '2019-11-25 16:50:54', '2019-11-25 16:57:56'),
(61, 'Enviar notificações por email diàrias das atividades/assuntos cujo prazo estão por esgotar (a frequência da notificação pode ser mudada da mesma forma em que é mudada no organizador de atividades)', 'Enviar notificações por email diàrias das atividades/assuntos cujo prazo estão por esgotar (a frequência da notificação pode ser mudada da mesma forma em que é mudada no organizador de atividades)', 1, 1, 'uma coluna para definir como será a notificação por email dessas atividades/assuntos.', 0, 0, NULL, 3, 3, 'o usuário poderá cadastrar, editar ou excluir esta notificação. os valores foram triplicados devido as três operações.', 0, 0, NULL, 1, 1, 'consulta do valor no banco para edição.', 14, 8, '2019-11-25 16:51:00', '2019-11-25 17:00:17'),
(62, 'Enviar notificações por email  das tarefas/exercicios cujo prazo estão por esgotar (a frequência da notificação pode ser mudada da mesma forma em que é mudada no organizador de atividades)', 'Enviar notificações por email  das tarefas/exercicios cujo prazo estão por esgotar (a frequência da notificação pode ser mudada da mesma forma em que é mudada no organizador de atividades)', 0, 0, NULL, 0, 0, NULL, 3, 3, 'o usuário poderá cadastrar, editar ou excluir esta notificação. os valores foram triplicados devido as três operações.', 0, 0, NULL, 1, 1, 'consulta do valor no banco para edição.', 7, 8, '2019-11-25 16:51:06', '2019-11-25 17:13:32'),
(63, 'A inteface do usuário para o estudante irá consistir em uma tabela de passos', 'A inteface do usuário para o estudante irá consistir em uma tabela de passos e as justificações dos mesmos apresentando a descrição da quesão/problema, uso de drag-and-drop para indicar os passo e as justificações de passos euma seção com os passos e justificações que podem ser usadas pelo estudante.', 3, 3, '1 campo enunciado da tabela de atividade passo-a-passo e 1 campo passo na tabela de passos e 1 campo de justificativa na tabela de justificativas', 0, 0, NULL, 7, 7, 'o enunciado o professor cadastra e edita (2), e o aluno cadastra e edita o passo (2) e justificativa (2). há também a opção do professor excluir (1)', 0, 0, NULL, 3, 3, 'o software consultará enunciado, passos e justificativas para preencher na tabela de edição', 16, 9, '2019-11-25 19:32:23', '2019-11-25 20:00:11'),
(64, 'Na criação de uma nova ativade passo-a-passo o docente definirá se ela será de tipo manual ou construido usando human-computation.', 'Na criação de uma nova ativade passo-a-passo o docente definirá se ela será de tipo manual ou construido usando human-computation.', 1, 1, '1 coluna tipo na tabela de atividade passo a passo', 0, 0, NULL, 2, 2, '1 cadastro e 1 edição do campo tipo', 0, 0, NULL, 1, 1, '1 consulta para a pagina de edição', 13, 9, '2019-11-25 19:32:30', '2019-11-25 19:59:44'),
(65, 'Na criação da atividade passo-a-passo de tipo manual, um grafo será utilizado para indicar os passos da solução de uma questão/problema e as justificações da solução', 'Na criação da atividade passo-a-passo de tipo manual, um grafo será utilizado para indicar os passos da solução de uma questão/problema e as justificações da solução, onde:\r\n- os nós dos grafos serão usados para indicar cada passo da solução\r\n- as setas dos grafos serão usados para indicar as sequências de passos válidas  \r\n- as anotações dos grafos serão usadas para indicar justificações dos passos nas setas das sequências', 0, 0, NULL, 0, 0, NULL, 2, 2, 'serão criados nós (campos) para representar o passo. os valores foram duplicados devido ao cadastro e edição', 0, 0, NULL, 1, 1, 'consulta do passo no banco de dados para a página de edição', 6, 9, '2019-11-25 19:32:56', '2019-11-25 20:02:50'),
(66, 'Nós livres não conetados nos nós “start” e “end” representarão alternativas erradas na solução.', 'Nós livres não conetados nos nós “start” e “end” representarão alternativas erradas na solução.', 1, 1, 'será criado um campo na tabela de passos para indicar que aquele passo está incorreto', 0, 0, NULL, 0, 0, NULL, 0, 0, NULL, 0, 0, NULL, 7, 9, '2019-11-25 19:33:10', '2019-11-25 20:04:06'),
(67, 'Nas anotações das setas do grafo, as alternativas não marcadas e as marcadas representarão, respetivamente, as justificações erradas e as justificativas adequadas para o passo indicado no final da seta.', 'Nas anotações das setas do grafo, as alternativas não marcadas e as marcadas representarão, respetivamente, as justificações erradas e as justificativas adequadas para o passo indicado no final da seta.', 1, 1, 'será criado um campo tipo na tabela de justificativa para indicar se o passo está adequado ou não', 0, 0, NULL, 0, 0, NULL, 0, 0, NULL, 0, 0, NULL, 7, 9, '2019-11-25 19:33:15', '2019-11-25 20:05:20'),
(68, 'Pode ser definida passos e justificativas pre-definidas nas anotações das setas e nós. Nesta predefinição pode ser indicada a possição inicial do passo ou justificação.', 'Pode ser definida passos e justificativas pre-definidas nas anotações das setas e nós. Nesta predefinição pode ser indicada a possição inicial do passo ou justificação.', 0, 0, NULL, 0, 0, NULL, 2, 2, 'o usuário irá marcar se é predefinido ou não e caso seja, haverá alteração em todas as justificativas criadas. os valores foram dobrados devido ao cadastro e edição', 0, 0, NULL, 0, 0, NULL, 3, 9, '2019-11-25 19:33:21', '2019-11-25 20:08:44'),
(69, 'Na resolução da atividade passo-a-passo usando human-computation, os  estudantes poderão definir os passos e/ou as justificação dos passos manualmente.', 'Na resolução da atividade passo-a-passo usando human-computation, os  estudantes poderão definir os passos e/ou as justificação dos passos manualmente.', 0, 0, NULL, 0, 0, NULL, 0, 0, NULL, 0, 0, NULL, 0, 0, NULL, 0, 9, '2019-11-25 19:33:30', '2019-11-25 20:12:47'),
(70, 'Os passos e justificações mais utilizados por outros usuários serão usados como opções que podem ser utilizados para resolver o problema/questão usando drag-and-drop.', 'Os passos e justificações mais utilizados por outros usuários serão usados como opções que podem ser utilizados para resolver o problema/questão usando drag-and-drop. Esses passos e justificações são sempre aqueles que apresentam maior frequência de erro, acerto ou mais utilizadas.', 0, 0, NULL, 0, 0, NULL, 0, 0, NULL, 2, 2, 'o sistema consultará os passos e justificativas mais utilizadas', 0, 0, NULL, 4, 9, '2019-11-25 19:33:43', '2019-11-25 20:13:36'),
(71, 'As correções podem ser efetuadas por docentes/tutores e/ou outros estudantes usando drag-and-drop', 'As correções podem ser efetuadas por docentes/tutores e/ou outros estudantes usando drag-and-drop', 1, 1, 'será criado um campo na tabela de passo que é se ela está correta ou não', 0, 0, NULL, 2, 2, 'um botão em que o usuário indica se está correto ou não, tanto para cadastrar como para editar', 1, 1, 'será consultado o campo se está correta e mostrado de uma forma diferente (interface) para o usuário..', 0, 0, NULL, 14, 9, '2019-11-25 19:33:50', '2019-11-25 20:27:50'),
(72, 'As correções irão gerar um grafo de passos de solução que pode ser usado quando se tiver dados suficientes para transformar a questão human-computation em questão definida manualmente.', 'As correções irão gerar um grafo de passos de solução que pode ser usado quando se tiver dados suficientes para transformar a questão human-computation em questão definida manualmente.', 0, 0, NULL, 0, 0, NULL, 0, 0, NULL, 3, 3, 'serão consultados questão, passos e justificativa para montagem de um grafo com as informações.', 0, 0, NULL, 4, 9, '2019-11-25 19:33:58', '2019-11-25 20:35:01'),
(73, 'Cada estudante define seu ritmo de estudio diário no seu profile', 'Cada estudante define seu ritmo de estudio diário no seu profile', 0, 0, NULL, 0, 0, NULL, 0, 0, NULL, 0, 0, NULL, 0, 0, NULL, 0, 10, '2019-11-26 14:46:06', '2019-11-26 14:51:08'),
(74, 'O ritmo pode ser definido como minutos de uso efetivo diário da plataforma ou como ganhos de XP na plataforma', 'O ritmo pode ser definido como minutos de uso efetivo diário da plataforma ou como ganhos de XP na plataforma', 2, 1, 'dois campos serão criados: uso efetivo diário como minutos ou ganhos de xp.', 0, 0, NULL, 4, 2, 'o usuário poderá cadastrar/editar 2 campos referentes a 1 tabela. os dados foram duplicados devido ao cadastro e a edição.', 0, 0, NULL, 2, 1, 'irá consultar os dois campos para preenchimento na tela de edição.', 13, 10, '2019-11-26 14:46:14', '2019-11-26 14:54:11'),
(75, 'Por padrão, o ritmo de cada estudante é definido como 60 mins de estudo diário', 'Por padrão, o ritmo de cada estudante é definido como 60 mins de estudo diário', 0, 0, NULL, 0, 0, NULL, 0, 0, NULL, 0, 0, NULL, 0, 0, NULL, 0, 10, '2019-11-26 14:46:20', '2019-11-26 14:54:45'),
(76, 'O estudante pode definir o monitoramento do ritmo de estudos. Ele pode ser definido como: todos os dias da semana ou alguns dias da semana.', 'O estudante pode definir o monitoramento do ritmo de estudos. Ele pode ser definido como: todos os dias da semana ou alguns dias da semana.', 7, 1, 'será criado um campo para cada dia da semana que informam se aquele dia é de estudo do usuário ou não.', 0, 0, NULL, 14, 2, 'o usuário poderá cadastrar/editar estes campos. os valores foram duplicados devido ao cadastro e edição.', 0, 0, NULL, 7, 1, 'irá consultar os campos para preencher na página de edição.', 14, 10, '2019-11-26 14:46:28', '2019-11-26 14:59:51'),
(77, 'Com base na configuração do estudante, o “daily:goal dashboard”, traduzido como painel do controle do objetivo diário, irá mostrar um donut chart bar mostrando o progresso atual e o necessário para alcançar o objetivo diário', 'Com base na configuração do estudante, o “daily:goal dashboard”, traduzido como painel do controle do objetivo diário, irá mostrar um donut chart bar mostrando o progresso atual e o necessário para alcançar o objetivo diário. Ele irá mostrar:\r\n- O tempo gasto ou XP obtido em cada disciplina que correntemente contribui a alcançar o objetivo diário.\r\n- O  tempo gasto ou XP necessário para alcançar o objetivo diário.\r\n- O texto que indica o tempo necessário ou XP a ser obtidos para alcançar o objetivo diário seguindo o formato “[XP | tempo necessário] / [XP | tempo objetivo]”', 0, 0, NULL, 0, 0, NULL, 0, 0, NULL, 3, 3, 'irá consultar o xp ganho no dia (nas tabelas de recursos) e o xp do objetivo diário (na tabela daily goal). caso seja em minutos, os dados serão mostrados em minutos, então será consultada mais uma tabela.', 0, 0, NULL, 4, 10, '2019-11-26 14:46:51', '2019-11-26 15:04:29');
INSERT INTO `requirements` (`id`, `name`, `description`, `ali_data_type_amount`, `ali_register_type_amount`, `ali_justify`, `aie_data_type_amount`, `aie_register_type_amount`, `aie_justify`, `ee_data_type_amount`, `ee_referenced_files_amount`, `ee_justify`, `se_data_type_amount`, `se_referenced_files_amount`, `se_justify`, `ce_data_type_amount`, `ce_referenced_files_amount`, `ce_justify`, `fp_total_amount`, `project_id`, `created_at`, `updated_at`) VALUES
(78, 'Com base na configuração do estudante, o daily: goal dashboard irá mostrar um time series chart (gráfico de série temporal) do progresso diário em atingir o objetivo diário.', 'O stacked bar chart será usado para mostrar como o tempo efetivo gasto em cada disciplina ou o XP obtido em cada disciplina contribui em atingir o objetivo diário.\r\n- Uma linha irá denotar o objetivo diário definido para cada um dos dias monitorados como “Min. diário (definido pelo estudante)”\r\n- Projeção (time series forecasting) de dois dias adiantes baseado nos dados de dias anteriores.', 0, 0, NULL, 0, 0, NULL, 0, 0, NULL, 10, 3, 'serão consultados os campos tempo definido pelo usuário, tempo gasto no dia e os 7 dias da semana. também serão consultados os nomes de disciplinas na tabela de disciplinas.', 0, 0, NULL, 5, 10, '2019-11-26 14:47:16', '2019-11-26 15:08:58'),
(79, 'O usuário pode configurar a visualização do “daily goal: dashboard” em qualquer momento fazendo click no botão superior direito de configuração', 'O usuário pode configurar a visualização do “daily goal: dashboard” em qualquer momento fazendo click no botão superior direito de configuração, onde ele pode definir: \r\nSe o time series chart irá ou não irá apresentar o time series forecasting\r\n- O número de dias a semana a ser apresentado no eixo X do times series chart\r\n- Se a linha do “min. diário (definido pelo estudante)” como objetivo diário será apresentada ou não apresentada no time series chart.', 0, 0, NULL, 0, 0, NULL, 0, 0, NULL, 0, 0, NULL, 2, 2, 'xps ou minutos atingidos e objetivo', 3, 10, '2019-11-26 14:47:44', '2019-11-26 16:04:57'),
(80, 'O recurso “daily goal” será associado com o recurso de “narrativa/ progressão” da gamificação (http://bit.ly/349AA8M)', 'O recurso “daily goal” será associado com o recurso de “narrativa/ progressão” da gamificação (http://bit.ly/349AA8M). Assim, na narrativa/progressão, ele será apresentado na parte superior direita como um “objetivo diário da evolução” a ser atingido pelo usuário.', 0, 0, NULL, 0, 0, NULL, 0, 0, NULL, 10, 3, 'supondo que o gráfico seja o mesmo apresentado dos outros requisitos.', 0, 0, NULL, 5, 10, '2019-11-26 14:48:08', '2019-11-26 15:12:33'),
(81, 'Ao fazer click em qualquer momento no “objetivo diário da evolução”, deve ser apresentado para o estudante o “daily goal: dashboard”', 'Ao fazer click em qualquer momento no “objetivo diário da evolução”, deve ser apresentado para o estudante o “daily goal: dashboard”, sem sair da página corrente (provavelmente usar um modal para apresentar o dashboard)', 0, 0, NULL, 0, 0, NULL, 0, 0, NULL, 0, 0, NULL, 0, 0, NULL, 0, 10, '2019-11-26 14:48:24', '2019-11-26 15:14:52'),
(82, 'O “daily goal:dashboard” deve ser parte da seção “learning analytics” na “página inicial do estudante” (http://bit.ly/2JqvoW8)', 'O “daily goal:dashboard” deve ser parte da seção “learning analytics” na “página inicial do estudante” (http://bit.ly/2JqvoW8)', 0, 0, NULL, 0, 0, NULL, 0, 0, NULL, 0, 0, NULL, 0, 0, NULL, 0, 10, '2019-11-26 14:48:31', '2019-11-26 15:15:12'),
(83, 'Cada estudante pode definir “novos objetivos indiduais” no seu profile do estudante indicando o nome de cada objetivo individual, a progressão planejada em diferentes disciplinas/assuntos e o ritmo diário para alcançar o objetivo individual.', 'Cada estudante pode definir “novos objetivos indiduais” no seu profile do estudante indicando o nome de cada objetivo individual, a progressão planejada em diferentes disciplinas/assuntos e o ritmo diário para alcançar o objetivo individual.', 3, 1, 'campos nome, progressão e ritmo diário serão criados', 0, 0, NULL, 6, 2, 'poderá cadastrar estes três campos bem como editá-los.', 0, 0, NULL, 3, 1, 'os três campos serão consultados para edição.', 14, 11, '2019-11-26 15:23:14', '2019-11-26 15:33:19'),
(84, 'O “ritmo diário” para alcançar o objetivo individual pode ser definido como minutos de uso efetivo diário da plataforma ou como XP a ser obtidos.', 'O “ritmo diário” para alcançar o objetivo individual pode ser definido como minutos de uso efetivo diário da plataforma ou como XP a ser obtidos.\r\n- O valor do “ritmo diário” não pode ser superior ao “ritmo de estudo diário” definido no recurso: daily goal', 2, 1, 'serão criados dois campos para definir se será em minutos ou xp.', 0, 0, NULL, 4, 2, 'o usuário poderá tanto cadastrar quanto editar os campos.', 0, 0, NULL, 2, 1, 'os campos serão consultados para edição.', 13, 11, '2019-11-26 15:23:26', '2019-11-26 15:36:07'),
(85, 'O novo objetivo individual é definido como uma progressão “planejada” acima do valor corrente “atingido”', 'O novo objetivo individual é definido como uma progressão “planejada” acima do valor corrente “atingido”. Isto é uma progressão que espera ser alcançado pelo estudante ao final de uma “data estimada”, data que é calculada em função do ritmo diário e o valor planejado que é definido pelo usuário nas disciplinas/assuntos.', 0, 0, NULL, 0, 0, NULL, 0, 0, NULL, 2, 1, 'irá calcular e mostrar a data estimada', 0, 0, NULL, 4, 11, '2019-11-26 15:23:38', '2019-11-26 15:39:16'),
(86, 'Com base na configuração do estudante, um “ind.:goal dashboard” é gerado para cada objetivo individual.', 'Com base na configuração do estudante, um “ind.:goal dashboard” é gerado para cada objetivo individual.', 0, 0, NULL, 0, 0, NULL, 0, 0, NULL, 11, 3, 'o objetivo atingido e diário dos 7 dias na semana (2+7), a linha (1), e a data estimada (1) nas tabela de objetivo diário, individual e disciplinas (3)', 0, 0, NULL, 5, 11, '2019-11-26 15:23:47', '2019-11-26 15:42:42'),
(87, 'Cada “ind. dashboard” irá mostrar o nome do objetivo definido pelo usuário e um donut chart mostrando o progresso atual e o necessário para alcançar o objetivo.', 'Cada “ind. dashboard” irá mostrar o nome do objetivo definido pelo usuário e um donut chart mostrando o progresso atual e o necessário para alcançar o objetivo. O “donut chart” irá mostrar:\r\n- O tempo gasto ou XP obtido em cada assunto marcado como parte do objetivo individual.\r\n- O  tempo necessário ou XP que precissa ser obtido para alcançar o ritmo diario marcado no objetivo individual.\r\n- O texto que indica o tempo necessário ou XP a ser obtidos para alcançar oritmo diário no objeitivo individual deve ser apresentado no formato “[XP | tempo necessário] / [XP | tempo definido no ritmo diário]”', 0, 0, NULL, 0, 0, NULL, 0, 0, NULL, 2, 2, 'tempo gasto ou xp (1) p/ assunto (1)', 0, 0, NULL, 4, 11, '2019-11-26 15:24:20', '2019-11-26 15:58:04'),
(88, 'Com base na configuração do objetivo individual, o ind: dashboard irá mostrar um time series chart (gráfico de série temporal), no qual serão apresentados:', 'Com base na configuração do objetivo individual, o ind: dashboard irá mostrar um time series chart (gráfico de série temporal), no qual serão apresentados:\r\n- O stacked bar chart do tempo efetivo gasto em cada assunto ou os XP obtidos em cada disciplina/assunto definido no objetivo individual.\r\n- Uma linha “min. diário” que irá denotar o ritmo diário definido pelo usuário para alcançar o objetivo individual\r\n- Projeção (time series forecasting) do progresso em alcançar o objetivo individual.', 0, 0, NULL, 0, 0, NULL, 0, 0, NULL, 5, 3, 'objetivo individual (1); tempo necessário ou xp (1) para alcançar o ritmo diário marcado no objetivo individual (1) o texto que indica o tempo necessário baseado num cálculo de 2 variáveis (2)', 0, 0, NULL, 4, 11, '2019-11-26 15:25:40', '2019-11-26 15:59:26'),
(89, 'O usuário/estudante pode configurar a visualização de cada “ind: dashboard” em quaisquer momento fazendo click no botão superior direito de configuração, onde ele pode definir:', 'O usuário/estudante pode configurar a visualização de cada “ind: dashboard” em quaisquer momento fazendo click no botão superior direito de configuração, onde ele pode definir: \r\n- Se o time series chart irá ou não irá apresentar o time series forecasting\r\n- O número de dias a semana a ser apresentado no eixo X do times series chart\r\n- Se a linha do “min. diário (definido pelo estudante)” como ritmo diário será apresentada ou não apresentada como parted do time series chart.', 0, 0, NULL, 0, 0, NULL, 0, 0, NULL, 0, 0, NULL, 0, 0, NULL, 0, 11, '2019-11-26 15:26:05', '2019-11-26 16:00:10'),
(90, 'O recurso “objetivos individuais” será associado com o recurso de “narrativa/ progressão” da gamificação (http://bit.ly/349AA8M)', 'O recurso “objetivos individuais” será associado com o recurso de “narrativa/ progressão” da gamificação (http://bit.ly/349AA8M). Assim, da mesma forma que o recurso “daily goal” é apresentado na narrativa/progressão, os objetivos individuais serão parte do “objetivo diário” a ser atingido pelo usuário.', 0, 0, NULL, 0, 0, NULL, 0, 0, NULL, 0, 0, NULL, 2, 2, 'xps ou minutos atingidos e objetivo', 3, 11, '2019-11-26 15:26:23', '2019-11-26 16:02:18'),
(91, 'Ao fazer click em qualquer momento no “objetivo diário da evolução”, deve ser apresentado para o estudante além do “daily goal: dashboard”, sem sair da página corrente também os ”ind. dashboards” definidos por cada estudante', 'Ao fazer click em qualquer momento no “objetivo diário da evolução”, deve ser apresentado para o estudante além do “daily goal: dashboard”, sem sair da página corrente também os ”ind. dashboards” definidos por cada estudante', 0, 0, NULL, 0, 0, NULL, 0, 0, NULL, 10, 3, 'supondo que o gráfico seja o mesmo apresentado dos outros requisitos.', 0, 0, NULL, 5, 11, '2019-11-26 15:26:29', '2019-11-26 16:07:25'),
(92, 'Os “ind.: dashboard” definidos pelo usuário/estudante também devem ser parte da seção “learning analytics” na “página inicial do estudante” (http://bit.ly/2JqvoW8)', 'Os “ind.: dashboard” definidos pelo usuário/estudante também devem ser parte da seção “learning analytics” na “página inicial do estudante” (http://bit.ly/2JqvoW8).', 0, 0, NULL, 0, 0, NULL, 0, 0, NULL, 0, 0, NULL, 0, 0, NULL, 0, 11, '2019-11-26 15:26:40', '2019-11-26 16:07:41'),
(93, 'Central os relatórios em uma único lugar (página) acessível usando o menu de nagegação.', 'Central os relatórios em uma único lugar (página) acessível usando o menu de nagegação. A página ira apresentar as seguintes seções:\r\n- Descrição dos dados da gráfica/tabela como pergunta\r\n- Botão descargar para baixar a gráfica (PNG) ou tabela (CSV)\r\n- Uma seção para segmentar a geração do gráfico/tabela de acordo com usuários/selecionados pelo estudante. A segmentação pode ser efetuada primeiro por turmas e logo por alunos das turmas selecionadas\r\n- Uma seção para segmentar a geração do gráfico/tabela de acrodo com o conteúdo da plataforma. A segementação pode ser efetuada primeiro por disciplinas, assuntos e finalmente por atividades/recursos dos assuntos e disciplinas selecionadas\r\n- Uma seção para efetuar a segmentação temporal dos dados usados para gerar a gráfica/tabela do relatório', 0, 0, NULL, 0, 0, NULL, 0, 0, NULL, 0, 0, NULL, 8, 7, 'nome da turma, quantidade de alunos, nome de alunos. nomes de disciplinas, assuntos, atividades, recursos e datas', 6, 12, '2019-11-26 16:19:14', '2019-11-26 17:14:44'),
(94, 'Centralizar nesta página todos gráficos e relatorios já existentes na plataforma avance', 'Centralizar nesta página todos gráficos e relatorios já existentes na plataforma avance, tais como:\r\n- Acertos e erros\r\n- Aulas assistidas\r\n- Participação em fórums\r\n- Uso efeitivo da plataforma', 0, 0, NULL, 0, 0, NULL, 0, 0, NULL, 0, 0, NULL, 0, 0, NULL, 0, 12, '2019-11-26 16:19:40', '2019-11-26 17:15:15'),
(95, 'Adicionar os relatórios implementados/desenvolvidos para a plataforma camaleon', 'Adicionar os relatórios implementados/desenvolvidos para a plataforma camaleon, tais como:\r\n- Relatórios de acessos\r\n- Desempenho\r\n- Desempenho TS (completude, acertos, erros) - O gráfico desempenho TS (acertos, erros) é o mesmo do que o acertos e erros correntemente existente na plataforma avance\r\n- Engajamento TS (tempo efetivo)', 0, 0, NULL, 0, 0, NULL, 0, 0, NULL, 0, 0, NULL, 0, 0, NULL, 0, 12, '2019-11-26 16:22:31', '2019-11-26 17:17:04'),
(96, 'Desenvolver relatórios para apresentar os  XPs/Notas dos usuários/estudantes na plataforma', 'Desenvolver relatórios para apresentar os  XPs/Notas dos usuários/estudantes na plataforma', 0, 0, NULL, 0, 0, NULL, 0, 0, NULL, 0, 0, NULL, 4, 2, 'disciplinas, turmas e quantidade de xp | média da nota', 3, 12, '2019-11-26 16:22:41', '2019-11-26 17:35:10'),
(97, 'Desenvolver relatório para mostrar análises de recursos/atividades no qual é apresentado o % de acerto/conclusão da questão ou atividade', 'Desenvolver relatório para mostrar análises de recursos/atividades no qual é apresentado o % de acerto/conclusão da questão ou atividade', 0, 0, NULL, 0, 0, NULL, 0, 0, NULL, 0, 0, NULL, 3, 2, 'recurso, atividade e porcentagem de acertos', 3, 12, '2019-11-26 16:22:48', '2019-11-26 17:36:50'),
(98, 'Desenvolver relatório para mostrar distribuição dos estudantes por níveis de XPs e notas (por padrão)', 'Desenvolver relatório para mostrar distribuição dos estudantes por níveis de XPs e notas (por padrão) ele efetuara a divisão em quatro niveis (por exemplo, para as notas, nivel 1 corresponderá as notas 0-2,5, nivel 2 corresponderá as notas 2,5-5,0, nivel 3 corresponderá as notas 5,0-7,5 e nivel 4 corresponderá as notas 7,5-10) - mas o docente/gestor podera definir a quantidade de niveis.', 0, 0, NULL, 0, 0, NULL, 0, 0, NULL, 2, 2, 'serão consultados os estudantes e os xps ganhos por eles', 0, 0, NULL, 4, 12, '2019-11-26 16:23:08', '2019-11-26 17:41:12'),
(99, 'Desenvolver dois gráficos de analytics para monstrar acumulado de desempenho (em funçao de XP e notas) e  mostrar o acumulado de tempo efetivo dos usuários/estudantes.', 'Desenvolver dois gráficos de analytics para monstrar acumulado de desempenho (em funçao de XP e notas) e  mostrar o acumulado de tempo efetivo dos usuários/estudantes. O gráfico no caso de desempenho irá mostrar os mínimos necessários para passar de assunto/disciplina.', 0, 0, NULL, 0, 0, NULL, 0, 0, NULL, 3, 2, 'serão consultados datas e os xps ganhos nessas datas e os assuntos.', 0, 0, NULL, 4, 12, '2019-11-26 16:23:19', '2019-11-26 17:44:34'),
(100, 'Usar diferentes cores na visualização do progresso para representar diferentes níveis.', 'Por exemplo,\r\n- progresso limitado - amarelo quando o progresso é menor da mitade do min. necessário para terminar um assunto/disciplina (< min/2)\r\n- progresso um tanto limitado - amarelo/verde quando o progresso é mais da metade do mínimo necessário para terminar um assunto/disciplina (> min/2)\r\n- excelente - verde quando o progresso é maior do mínimo necessário para terminar um assunto/disciplina (> min)\r\n- equivoco/falha/erro - vermelho indicando a parte de progresso que não é atingida por causa de contestar inadequadamente uma questão, parte da prova ou não obter a máxima pontução possivel na atividade em pares, revisão em pares ou outra atividade', 0, 0, NULL, 0, 0, NULL, 0, 0, NULL, 0, 0, NULL, 6, 3, 'xp mínimo, xp máximo, xp atingido, horas máximas, nome da disciplina, peso na nota', 4, 13, '2019-11-27 16:33:18', '2019-11-27 16:41:45'),
(101, 'Apresentar equivoco/falha/erro é opcional e o estudante pode definir visual o indicador no seu profile de estudante', 'Apresentar equivoco/falha/erro é opcional e o estudante pode definir visual o indicador no seu profile de estudante', 0, 0, NULL, 0, 0, NULL, 0, 0, NULL, 0, 0, NULL, 0, 0, NULL, 0, 13, '2019-11-27 16:34:42', '2019-11-27 16:45:42'),
(102, 'As cores do progresso serão aplicados a toda visualização do progresso (XPs) do estudante', 'As cores do progresso serão aplicados a toda visualização do progresso (XPs) do estudante, tais quais:  narrativa/progressao, competição (leaderboards), assunto na àrvore da disciplina, e no plano instrucional e no organizador de tarefas', 0, 0, NULL, 0, 0, NULL, 0, 0, NULL, 0, 0, NULL, 30, 15, 'para cada visualização de progresso (5) serão consultados 6 campos, em 3 tabelas', 6, 13, '2019-11-27 16:34:52', '2019-11-27 16:59:17'),
(103, 'Ao clicar ou passar o mouse na progressão de disciplinas ou assuntos, será apresentado para o usuário detalhes do progresso em termos menores desses dois conceitos.', 'Ao clicar ou passar o mouse na progressão de disciplinas ou assuntos, será apresentado para o usuário detalhes do progresso em termos menores desses dois conceitos. Assim,\r\n- Para disciplinas serão apresentados progresso de assuntos\r\n- Para assuntos serão apresentados o progresso nas atividades/tarefas', 0, 0, NULL, 0, 0, NULL, 0, 0, NULL, 0, 0, NULL, 6, 2, 'nome de assunto (1), xp atingido num assunto (1), xp máximo do assunto (1). o mesmo para as atividades (3). as tabelas são assunto, atividades/recursos.', 4, 13, '2019-11-27 16:35:09', '2019-11-27 17:13:30'),
(104, 'Se o docente definir descritores relacionados a um assunto, durante a interação com as atividades/recursos os descritores serão apresentados ao estudante com o modelo aberto do estudante.', 'Se o docente definir descritores relacionados a um assunto, durante a interação com as atividades/recursos os descritores serão apresentados ao estudante com o modelo aberto do estudante.\r\n- No modelo, o progresso no descritor será calculado em função do número de atividades/recursos por descritor e o XP definido para as atividades/recursos.', 0, 0, NULL, 0, 0, NULL, 0, 0, NULL, 0, 0, NULL, 2, 2, 'número de atividades/recursos por descritor e o XP definido para as atividades/recursos (tabelas de descritor e atividade/recurso)', 3, 13, '2019-11-27 16:35:25', '2019-11-27 17:13:14'),
(105, 'XPs são ganhos quando quaisquer atividade é completada na plataforma', 'XPs são ganhos quando quaisquer atividade é completada na plataforma', 0, 0, NULL, 0, 0, NULL, 0, 0, NULL, 0, 0, NULL, 0, 0, NULL, 0, 14, '2019-11-27 17:24:29', '2019-11-27 17:41:31'),
(106, 'O usuário/estudante deve estar ciente dos pontos correntes', 'O usuário/estudante deve estar ciente dos pontos correntes', 0, 0, NULL, 0, 0, NULL, 0, 0, NULL, 0, 0, NULL, 0, 0, NULL, 0, 14, '2019-11-27 17:24:34', '2019-11-27 17:33:06'),
(107, 'O usuário/estudante deve estar ciente dos pontos necessários para alcançar o seguinte nivel de evolução', 'O usuário/estudante deve estar ciente dos pontos necessários para alcançar o seguinte nivel de evolução', 0, 0, NULL, 0, 0, NULL, 0, 0, NULL, 0, 0, NULL, 0, 0, NULL, 0, 14, '2019-11-27 17:24:50', '2019-11-27 17:33:48'),
(108, 'A cada nivel alcançado uma recompensa associada ao novo nivel deve ser ganhada pelo estudante para demonstrar sua experiência', 'A expectativa de alcançar a recompensa melhora a automotivação do estudante na fase de planejamento de acordo com a teoria da autorregulação', 0, 0, NULL, 0, 0, NULL, 0, 0, NULL, 0, 0, NULL, 0, 0, NULL, 0, 14, '2019-11-27 17:25:13', '2019-11-27 17:38:25'),
(109, 'A recompensa associada ao nivel do estudante deve ser visible no avatar do estudante', 'O proposito disso é destacar estudantes mais experientes com atividades da plataforma dos novicios', 0, 0, NULL, 0, 0, NULL, 0, 0, NULL, 1, 1, 'será consultado o nível e mostrado em forma de interface', 0, 0, NULL, 4, 14, '2019-11-27 17:25:32', '2019-11-27 17:42:50'),
(110, 'Ao fazer click na “narrativa/progressão”, o usuário tem acesso ao “XP: dashboard”', 'Ao fazer click na “narrativa/progressão”, o usuário tem acesso ao “XP: dashboard”, sem sair da página corrente, onde um panel é apresentado para o estudante com sua evolução em função dos XPs acumulados a cada dia que ele tive acesso na plataforma.', 0, 0, NULL, 0, 0, NULL, 0, 0, NULL, 0, 0, NULL, 0, 0, NULL, 0, 14, '2019-11-27 17:25:57', '2019-11-27 17:39:45'),
(111, 'O XP: dashboard irá apresentaros valors de XPs e suas porcentagem que contribuiram ao XP corrente do estudante.', 'O XP: dashboard irá apresentaros valors de XPs e suas porcentagem que contribuiram ao XP corrente do estudante.', 0, 0, NULL, 0, 0, NULL, 0, 0, NULL, 0, 0, NULL, 2, 1, 'valores de XPs e suas porcentagens que contribuíram ao XP corrente do estudante', 3, 14, '2019-11-27 17:26:08', '2019-11-27 17:44:24'),
(112, 'O XP: dashboard  irá apresentar um “time series chart” (gráfico de serie temporal), no qual serão apresentados:', 'O XP: dashboard  irá apresentar um “time series chart” (gráfico de serie temporal), no qual serão apresentados:\r\n- No eixo temporal X, os dias no qual o usuário tive ganhos de XP\r\n- Barras agrupadas das diferentes disciplinas no qual tive ganho de XPs\r\n- Projeção (time series forecasting) de dois dias adiantes baseado nos dados dos anteriores XP.', 0, 0, NULL, 0, 0, NULL, 0, 0, NULL, 1, 1, 'projeção de dois dias', 3, 2, 'dias, disciplinas e seus XPs', 7, 14, '2019-11-27 17:26:54', '2019-11-27 17:49:48'),
(113, 'O XP: dashboard  irá apresentar quando as recompensas de niveis foram alcançadas pelos usuários e quais foram essas no time series chart.', 'O XP: dashboard  irá apresentar quando as recompensas de niveis foram alcançadas pelos usuários e quais foram essas no time series chart.', 0, 0, NULL, 0, 0, NULL, 0, 0, NULL, 2, 1, 'irá apresentar em forma de gráfico quando (dia) e qual (recompensa) foi conquistada', 0, 0, NULL, 4, 14, '2019-11-27 17:27:12', '2019-11-27 17:51:58'),
(114, 'O XP dashboard também apresenta linhas indicando os mínimos necessário de participação em cada disciplina para considerar que p estudante finalizou a disciplina', 'O XP dashboard também apresenta linhas indicando os mínimos necessário de participação em cada disciplina para considerar que p estudante finalizou a disciplina', 0, 0, NULL, 0, 0, NULL, 0, 0, NULL, 0, 0, NULL, 2, 1, 'disciplina e xps do estudante', 3, 14, '2019-11-27 17:27:32', '2019-11-27 17:54:39'),
(115, 'O usuário pode configurar a visualização do “XP: dashboard” em qualquer momento fazendo click no botão superior direito de configuração, onde ele pode definir:', 'O usuário pode configurar a visualização do “XP: dashboard” em qualquer momento fazendo click no botão superior direito de configuração, onde ele pode definir: \r\n- Se o time series chart irá ou não irá apresentar o time series forecasting\r\n- O número de dias a semana a ser apresentado no eixo X do times series chart\r\n- As disciplinas a ser apresentadas no times series chart como barras.\r\n- Se as linhas do “min. necessários de participação” em cada disciplina serão apresentada ou não no dashboard.', 0, 0, NULL, 0, 0, NULL, 0, 0, NULL, 0, 0, NULL, 0, 0, NULL, 0, 14, '2019-11-27 17:28:06', '2019-11-27 17:55:44'),
(116, 'O “XP: dashboard” deve ser parte da seção “learning analytics” na “página inicial do estudante” (http://bit.ly/2JqvoW8)', 'O “XP: dashboard” deve ser parte da seção “learning analytics” na “página inicial do estudante” (http://bit.ly/2JqvoW8)', 0, 0, NULL, 0, 0, NULL, 0, 0, NULL, 0, 0, NULL, 0, 0, NULL, 0, 14, '2019-11-27 17:28:13', '2019-11-27 17:55:59'),
(117, 'O feed de notícias corrente mostra todas as alertas/notificações e eventos que acontecem no sistema', 'O feed de notícias corrente mostra todas as alertas/notificações e eventos que acontecem no sistema. O feed deve mostrar somente eventos relevantes para o usuário/estudante. Esses eventos são:\r\n- Eventos nas atividades/tarefas de qualquer usuário/estudante na lista de amigos\r\n- Eventos dos professores/monitores das disciplinas no qual o estudante está inscrito (criação de uma nova tarefa/atividade, mudança da data de entrega, mudança do plano instrucional e mudanças nas disciplinas)\r\n- Eventos associados com atividades/tarefas ainda não efetuadas pelo usuário/estudante. - Assim, eventos de atividades/tarefas já efetuadas pelo usuário/estudante ou com prazos esgotados não são apresentados.', 0, 0, NULL, 0, 0, NULL, 0, 0, NULL, 0, 0, NULL, 1, 1, 'além do existente, será feita uma nova consulta na lista de amigos do usuário (novo)', 3, 15, '2019-11-27 17:57:24', '2019-11-27 18:12:02'),
(118, 'O feed apresentará: data quando aconteceu o evento, a atividade/tarefa que lancou o evento e a pessoa que lançou o evento', 'O feed apresentará: data quando aconteceu o evento, a atividade/tarefa que lancou o evento e a pessoa que lançou o evento', 0, 0, NULL, 0, 0, NULL, 0, 0, NULL, 0, 0, NULL, 0, 0, NULL, 0, 15, '2019-11-27 17:58:01', '2019-11-27 18:04:25'),
(119, 'Se houve recompensas (XPs, crachás, finalização de asunto ou disciplina), elas devem ser apresentado para o usuário/estudante como parte do evento', 'Se houve recompensas (XPs, crachás, finalização de asunto ou disciplina), elas devem ser apresentado para o usuário/estudante como parte do evento', 0, 0, NULL, 0, 0, NULL, 0, 0, NULL, 0, 0, NULL, 1, 1, 'mostrar também a recompensa que ganhou naquele evento', 3, 15, '2019-11-27 17:58:07', '2019-11-27 18:05:25'),
(120, 'Se o usuário/pessoa pode iniciar ou dar continuidade à atividade/tarefa que lançou o evento no feed de notícias, o usuário pode acessar à atividade/tarefa fazendo click no evento.', 'Se o usuário/pessoa pode iniciar ou dar continuidade à atividade/tarefa que lançou o evento no feed de notícias, o usuário pode acessar à atividade/tarefa fazendo click no evento.', 0, 0, NULL, 0, 0, NULL, 0, 0, NULL, 0, 0, NULL, 1, 1, 'retornar id da atividade para montar o link', 3, 15, '2019-11-27 17:58:13', '2019-11-27 18:06:26'),
(121, 'Cada estudante tem uma lista de amigos e o recurso é apresentado na seção “aspecto social” da plataforma em todas as páginas da plataforma', 'Cada estudante tem uma lista de amigos e o recurso é apresentado na seção “aspecto social” da plataforma em todas as páginas da plataforma. O recurso será deshabilitado unicamente em páginas referidas as provas e simulados de provas.', 0, 0, NULL, 0, 0, NULL, 0, 0, NULL, 0, 0, NULL, 0, 0, NULL, 0, 16, '2019-11-28 13:05:01', '2019-11-28 13:06:33'),
(122, 'O recurso mostra os amigos online, amigos offline e outros usuários/estudantes que se encontram online no contexto da página.', 'Com usuários/estudantes online no contexto da página, indicamos os usuários que estão online na mesma página que o usuário está visualizando', 0, 0, NULL, 0, 0, NULL, 0, 0, NULL, 3, 1, 'online, offline e online na página corrente', 2, 1, 'nomes e fotos das pessoas', 7, 16, '2019-11-28 13:05:13', '2019-11-28 13:10:00'),
(123, 'Ao fazer click a ferramenta chat é aberta sem mudar página para entrar em contato direto com o amigo/usuário online.', 'O usuário geralmente vai entrar em contato com usuários online no contexto para solicitar ajuda quando ele não conseguir resolver um problema e/ou exercicio.', 0, 0, NULL, 0, 0, NULL, 0, 0, NULL, 0, 0, NULL, 3, 2, 'o chat abre retornando o histórico da última conversa e o nome/foto da outra pessoa', 3, 16, '2019-11-28 13:05:24', '2019-11-28 13:09:33'),
(124, 'Usuários online no contexto podem ser adicionados na lista de amigos fazendo click no ícode de adicionar usuário na lista de amigos.', 'Usuários online no contexto podem ser adicionados na lista de amigos fazendo click no ícode de adicionar usuário na lista de amigos.', 0, 0, NULL, 0, 0, NULL, 1, 1, 'ao fazer um clique, o vínculo (registro no banco) será feito', 0, 0, NULL, 0, 0, NULL, 3, 16, '2019-11-28 13:05:35', '2019-11-28 13:10:48'),
(125, 'O recurso de lista de amigos/usuários mostra em uma seção a lista do pessoal acadêmico (docente, tutores e monitores) 	que muda dinâmica de acordo com o contexto da página o usuário se encontra.', 'A lista apresenta o estatus (online ou offline) de cada membro do staff acadêmico', 0, 0, NULL, 0, 0, NULL, 0, 0, NULL, 0, 0, NULL, 3, 1, 'serão consultados foto, nome e tipo', 3, 16, '2019-11-28 13:05:53', '2019-11-28 13:12:45'),
(126, 'O recurso de competição (leaderboard) apresenta rankings de tipo horizontal para destacar competição por auto-aperfeiçoamento e não competição para ganhar', 'O recurso de competição (leaderboard) apresenta rankings de tipo horizontal para destacar competição por auto-aperfeiçoamento e não competição para ganhar', 0, 0, NULL, 0, 0, NULL, 0, 0, NULL, 0, 0, NULL, 2, 1, 'para montagem de ranking horizontal, será consultada a lista de alunos retornando foto e nome', 3, 17, '2019-11-28 13:20:45', '2019-11-28 13:25:30'),
(127, 'Os rankings são baseados no XPs dos usuários/estudantes e sempre destaca a posição do estudante em referência aos usuários mais próximos.', 'Os rankings são baseados no XPs dos usuários/estudantes e sempre destaca a posição do estudante em referência aos usuários mais próximos.', 0, 0, NULL, 0, 0, NULL, 0, 0, NULL, 0, 0, NULL, 1, 1, 'será também consultado o XP dos usuários', 3, 17, '2019-11-28 13:20:52', '2019-11-28 13:25:17'),
(128, 'Quando o usuário faz click no recurso de “competição (leaderboard)”, três tipos de rankings podem ser acessados/visualizados pelo usuário/estudante', 'Esses rankings são: (1) ranking de cada dia, (2) ranking mensal e (3) ranking de todos os tempos.', 0, 0, NULL, 0, 0, NULL, 0, 0, NULL, 0, 0, NULL, 1, 1, 'será também consultada as datas de cada ganho de xp para filtragem por dia, mês e todos os tempos', 3, 17, '2019-11-28 13:21:03', '2019-11-28 13:26:53'),
(129, 'O ranking possibilita a descoberta social de outros usuários/estudantes com progressão similar', 'Assim, os rankigs apresentam a progressão nas diferentes disciplinas/assuntos apresentando os acertos erros como parte da progressão.', 0, 0, NULL, 0, 0, NULL, 0, 0, NULL, 2, 1, 'os xps das disciplinas serão apresentados em forma de gráfico', 1, 1, 'nomes das disciplinas', 7, 17, '2019-11-28 13:21:16', '2019-11-28 13:30:41'),
(130, 'O usuário/estudante pode adicionar na lista de amigos usuários que não são parte da lista fazendo click no botão adicionar amigos dos rankings.', 'O usuário/estudante pode adicionar na lista de amigos usuários que não são parte da lista fazendo click no botão adicionar amigos dos rankings.', 0, 0, NULL, 0, 0, NULL, 1, 1, 'clicando no botão o usuário adiciona um registro que é a lista de amigos', 0, 0, NULL, 0, 0, NULL, 3, 17, '2019-11-28 13:21:23', '2019-11-28 13:34:07'),
(131, 'Rankings dependentes do contexto podem ser acessados pelo usuário/estudante quando  o recurso de “competição (leaderboard)” é apresentado ao usuário/estudante numa página da disciplina.', 'Rankings dependentes do contexto podem ser acessados pelo usuário/estudante quando  o recurso de “competição (leaderboard)” é apresentado ao usuário/estudante numa página da disciplina.', 0, 0, NULL, 0, 0, NULL, 0, 0, NULL, 0, 0, NULL, 0, 0, NULL, 0, 17, '2019-11-28 13:21:30', '2019-11-28 13:35:09'),
(132, 'O professor pode definir os crachás a ser obtido pelos usuários/estudantes em cada assunto na configuração do plano instrucional', 'Isto é feito indicando a nota mínima (min) e máxima (max) necessária para obter um crachá.\r\n\r\n- O usuário pode definir o nome de cada crachá\r\n\r\n- A imagem usada para representa cada crachá e\r\n\r\n- Outros dados referentes à especificação do openbadge (https://www.imsglobal.org/sites/default/files/Badges/OBv2p0Final/index.html) (A maioria dos valores podem ser inferidos automáticamento pelo contexto do assunto/disciplina e informação do professor, instituição e o estudante)', 0, 0, NULL, 0, 0, NULL, 0, 0, NULL, 0, 0, NULL, 0, 0, NULL, 0, 18, '2019-11-28 13:38:07', '2019-11-28 13:47:26'),
(133, 'Ao finalizar cada assunto, os crachás serão serão apresentados na àrvore de planejamento pedagógico.', 'Ao finalizar cada assunto, os crachás serão serão apresentados na àrvore de planejamento pedagógico.', 0, 0, NULL, 0, 0, NULL, 0, 0, NULL, 0, 0, NULL, 0, 0, NULL, 0, 18, '2019-11-28 13:38:49', '2019-11-28 13:48:01'),
(134, 'Os crachás que podem ser obtidos em cada assunto são apresentados na descrição do assunto e plano instrucional', 'Os crachás que podem ser obtidos em cada assunto são apresentados na descrição do assunto e plano instrucional', 0, 0, NULL, 0, 0, NULL, 0, 0, NULL, 0, 0, NULL, 0, 0, NULL, 0, 18, '2019-11-28 13:38:59', '2019-11-28 13:51:29'),
(135, 'O professor pode definir os crachás a ser obtido pelos usuários/estudantes em cada disciplina no planejamento pedagógico indicando a nota mínima (min) e máxima (max) necessária para obter um crachá.', 'O professor pode definir os crachás a ser obtido pelos usuários/estudantes em cada disciplina no planejamento pedagógico indicando a nota mínima (min) e máxima (max) necessária para obter um crachá.\r\n\r\n- O usuário pode definir o nome de cada crachá\r\n\r\n- A imagem usada para representa cada crachá e\r\n\r\n- Outros dados referentes à especificação do openbadge (https://www.imsglobal.org/sites/default/files/Badges/OBv2p0Final/index.html) (A maioria dos valores podem ser inferidos automáticamento pelo contexto do assunto/disciplina e informação do professor, instituição e o estudante)', 0, 0, NULL, 0, 0, NULL, 0, 0, NULL, 0, 0, NULL, 0, 0, NULL, 0, 18, '2019-11-28 13:39:50', '2019-11-28 13:52:39'),
(136, 'A seção minhas conquistas no profile do usuário/estudante deve ser melhorada apresentando: o progresso, nota e crachás obtidos em cada assunto e disciplina.', 'A seção minhas conquistas no profile do usuário/estudante deve ser melhorada apresentando: o progresso, nota e crachás obtidos em cada assunto e disciplina.', 0, 0, NULL, 0, 0, NULL, 0, 0, NULL, 0, 0, NULL, 10, 5, '1 foto do usuario, 1 nome do nivel, 1 XP do nível, 1 disciplinas, 1 xp da disciplina,  1 nota na disciplina, 1 crachas recebidos na disciplina, 1 assuntos, 1 xps recebidos no assunto 1 todas as conquistas, em cracha, do usuario', 6, 18, '2019-11-28 13:40:36', '2019-11-28 14:00:59'),
(137, 'Quando o estudante/usuário fizer click para visualizar mais detalhes dos crachas obtidos de um outro estudante/usuário o quadro de suas conquisas deve ser apresentado sem sair da página corrente.', 'Quando o estudante/usuário fizer click para visualizar mais detalhes dos crachas obtidos de um outro estudante/usuário o quadro de suas conquisas deve ser apresentado sem sair da página corrente.', 0, 0, NULL, 0, 0, NULL, 0, 0, NULL, 0, 0, NULL, 10, 5, '1 foto do usuario, 1 nome do nivel, 1 XP do nível, 1 disciplinas, 1 xp da disciplina, 1 nota na disciplina, 1 crachas recebidos na disciplina, 1 assuntos, 1 xps recebidos no assunto, 1 todas as conquistas, em cracha, do usuario', 6, 18, '2019-11-28 13:40:42', '2019-11-28 14:03:53'),
(138, 'Acesso usando as contas das redes sociais mais populares no brasil  (Google, Facebook, Twitter)', 'Acesso usando as contas das redes sociais mais populares no brasil  (Google, Facebook, Twitter)', 0, 0, NULL, 0, 0, NULL, 0, 0, NULL, 0, 0, NULL, 0, 0, NULL, 0, 19, '2019-11-28 14:08:16', '2019-11-28 14:13:01'),
(139, 'Usuário consegue editar as contas das redes sociais associadas no seu profile de usuário', 'Usuário consegue editar as contas das redes sociais associadas no seu profile de usuário', 0, 0, NULL, 12, 3, 'nome, sobrenome, email, genero e foto serão importados de outras aplicações. os valores foram triplicados devido às 3 redes sociais', 0, 0, NULL, 0, 0, NULL, 0, 0, NULL, 5, 19, '2019-11-28 14:08:22', '2019-11-28 14:16:55'),
(140, 'A Pág. inicial apresenta as seções de: menu de navegação, narrativa/progressão (gamificação), competição (leaderboard), aspecto social, learner analytics, e calendário.', 'A Pág. inicial apresenta as seções de: menu de navegação, narrativa/progressão (gamificação), competição (leaderboard), aspecto social, learner analytics, e calendário, das quais  podem ser minimizado ou maximizados, o menu de navegação e o painel de aspeto social. Por padrão, o menu de navegação deve estar no modo de exibição compacto', 0, 0, NULL, 0, 0, NULL, 0, 0, NULL, 0, 0, NULL, 0, 0, NULL, 0, 19, '2019-11-28 14:09:36', '2019-11-28 14:20:42'),
(141, 'O elemento principal de toda a pág. inicial é apresentado na parte central como organizador de atividades do usuário (http://bit.ly/2MR1wUS)', 'O elemento principal de toda a pág. inicial é apresentado na parte central como organizador de atividades do usuário (http://bit.ly/2MR1wUS)', 0, 0, NULL, 0, 0, NULL, 0, 0, NULL, 0, 0, NULL, 0, 0, NULL, 0, 19, '2019-11-28 14:10:18', '2019-11-28 14:21:20'),
(142, 'A Pág. inicial apresenta uma seção para o recurso “narrativa/progressão”, recurso a ser apresentado em todas as páginas da plataforma (http://bit.ly/349AA8M)', 'A Pág. inicial apresenta uma seção para o recurso “narrativa/progressão”, recurso a ser apresentado em todas as páginas da plataforma (http://bit.ly/349AA8M)', 0, 0, NULL, 0, 0, NULL, 0, 0, NULL, 0, 0, NULL, 0, 0, NULL, 0, 19, '2019-11-28 14:10:25', '2019-11-28 14:22:51'),
(143, 'A pág. inicial apresenta uma seção para a recurso de “competição (leaderboard)” (http://bit.ly/31PIUbX), presente em todas as páginas da plataforma.', 'A pág. inicial apresenta uma seção para a recurso de “competição (leaderboard)” (http://bit.ly/31PIUbX), presente em todas as páginas da plataforma.', 0, 0, NULL, 0, 0, NULL, 0, 0, NULL, 0, 0, NULL, 0, 0, NULL, 0, 19, '2019-11-28 14:10:32', '2019-11-28 14:23:02'),
(144, 'A pág. inicial apresenta uma seção de “Aspeto Social” com os recursos', '- Lista de amigos/usuários on-line (http://bit.ly/2pbxKBm); e\r\n\r\n- Feed de notícias (http://bit.ly/2MW2VcN)', 0, 0, NULL, 0, 0, NULL, 0, 0, NULL, 0, 0, NULL, 0, 0, NULL, 0, 19, '2019-11-28 14:10:52', '2019-11-28 14:23:18'),
(145, 'A pág. inicial apresenta uma seção “learner analytics” na qual, por padrão, são apresentados os seguintes “dashboard”:', '- daily goal: dashboard parte do recurso “daily goal” (http://bit.ly/2BQT3uE)\r\n\r\n- ind. goals: dashboard parte do recurso “objetivos individuais” (http://bit.ly/2BVtd8x)\r\n- XP: dashboard parte da “narrativa/progressão” (http://bit.ly/349AA8M)\r\n- Desempenho da Semana* (atualmente implementado)\r\n- Desempenho nos fóruns* (atualmente implementado)\r\n- Acertos/erros (atualmente implementado)', 0, 0, NULL, 0, 0, NULL, 0, 0, NULL, 0, 0, NULL, 0, 0, NULL, 0, 19, '2019-11-28 14:12:03', '2019-11-28 14:25:41'),
(146, 'O estudante pode configurar os dashboards que são apresentados na seção “learner analytics” da página inicial', 'O estudante pode configurar os dashboards que são apresentados na seção “learner analytics” da página inicial, para isso ele precisa fazer unicamente click no botão configurações na parte superior direita da seção.', 0, 0, NULL, 0, 0, NULL, 0, 0, NULL, 0, 0, NULL, 0, 0, NULL, 0, 19, '2019-11-28 14:12:16', '2019-11-28 14:26:26'),
(147, 'A pág. inicial apresenta uma seção na qual é apresentado o “calendário de atividades” para cada estudante', 'A pág. inicial apresenta uma seção na qual é apresentado o “calendário de atividades” para cada estudante', 0, 0, NULL, 0, 0, NULL, 0, 0, NULL, 0, 0, NULL, 0, 0, NULL, 0, 19, '2019-11-28 14:12:37', '2019-11-28 14:41:55'),
(148, 'Perguntas consecutivas no plano instrucional devem ser agrupadas para aplicar o embaralhamento das perguntas', 'Perguntas consecutivas no plano instrucional devem ser agrupadas para aplicar o embaralhamento das perguntas. Assim, por exemplo, se se tem 7 perguntas da (A) até (G), para dois estudantes A e B serão apresentados as duas sequencias seguintes: sequência (i): (D), (E), (G), (F), (A), (B), (C);\r\ne sequência (ii): (B), (D), (E), (C), (A), (G), (F)', 0, 0, NULL, 0, 0, NULL, 0, 0, NULL, 0, 0, NULL, 0, 0, NULL, 0, 20, '2019-11-28 14:45:03', '2019-11-28 14:46:37'),
(149, 'Respostas das perguntas sempre serão embaralhadas para evitar plágio e trapaça entre estudantes.', 'Respostas das perguntas sempre serão embaralhadas para evitar plágio e trapaça entre estudantes.', 0, 0, NULL, 0, 0, NULL, 0, 0, NULL, 0, 0, NULL, 0, 0, NULL, 0, 20, '2019-11-28 14:45:12', '2019-11-28 14:46:44');

-- --------------------------------------------------------

--
-- Estrutura da tabela `users`
--

CREATE TABLE `users` (
  `id` bigint(20) UNSIGNED NOT NULL,
  `name` varchar(255) COLLATE utf8mb4_unicode_ci NOT NULL,
  `email` varchar(255) COLLATE utf8mb4_unicode_ci NOT NULL,
  `premium` enum('0','1') COLLATE utf8mb4_unicode_ci NOT NULL DEFAULT '0',
  `email_verified_at` timestamp NULL DEFAULT NULL,
  `password` varchar(255) COLLATE utf8mb4_unicode_ci NOT NULL,
  `remember_token` varchar(100) COLLATE utf8mb4_unicode_ci DEFAULT NULL,
  `created_at` timestamp NULL DEFAULT NULL,
  `updated_at` timestamp NULL DEFAULT NULL,
  `deleted_at` timestamp NULL DEFAULT NULL
) ENGINE=InnoDB DEFAULT CHARSET=utf8mb4 COLLATE=utf8mb4_unicode_ci;

--
-- Extraindo dados da tabela `users`
--

INSERT INTO `users` (`id`, `name`, `email`, `premium`, `email_verified_at`, `password`, `remember_token`, `created_at`, `updated_at`, `deleted_at`) VALUES
(1, 'Judson Bandeira', 'judson@linkn.com.br', '0', NULL, '$2y$10$abKFpz4txU5uxtO1wnN1ie.t2rJjBWXp8ZHZKDNaZDAjBYw3559HS', NULL, '2019-11-19 20:47:02', '2019-11-19 20:47:02', NULL);

--
-- Índices para tabelas despejadas
--

--
-- Índices para tabela `failed_jobs`
--
ALTER TABLE `failed_jobs`
  ADD PRIMARY KEY (`id`);

--
-- Índices para tabela `migrations`
--
ALTER TABLE `migrations`
  ADD PRIMARY KEY (`id`);

--
-- Índices para tabela `password_resets`
--
ALTER TABLE `password_resets`
  ADD KEY `password_resets_email_index` (`email`);

--
-- Índices para tabela `projects`
--
ALTER TABLE `projects`
  ADD PRIMARY KEY (`id`),
  ADD KEY `projects_user_id_foreign` (`user_id`);

--
-- Índices para tabela `requirements`
--
ALTER TABLE `requirements`
  ADD PRIMARY KEY (`id`),
  ADD KEY `requirements_project_id_foreign` (`project_id`);

--
-- Índices para tabela `users`
--
ALTER TABLE `users`
  ADD PRIMARY KEY (`id`),
  ADD UNIQUE KEY `users_email_unique` (`email`);

--
-- AUTO_INCREMENT de tabelas despejadas
--

--
-- AUTO_INCREMENT de tabela `failed_jobs`
--
ALTER TABLE `failed_jobs`
  MODIFY `id` bigint(20) UNSIGNED NOT NULL AUTO_INCREMENT;

--
-- AUTO_INCREMENT de tabela `migrations`
--
ALTER TABLE `migrations`
  MODIFY `id` int(10) UNSIGNED NOT NULL AUTO_INCREMENT, AUTO_INCREMENT=6;

--
-- AUTO_INCREMENT de tabela `projects`
--
ALTER TABLE `projects`
  MODIFY `id` bigint(20) UNSIGNED NOT NULL AUTO_INCREMENT, AUTO_INCREMENT=22;

--
-- AUTO_INCREMENT de tabela `requirements`
--
ALTER TABLE `requirements`
  MODIFY `id` bigint(20) UNSIGNED NOT NULL AUTO_INCREMENT, AUTO_INCREMENT=150;

--
-- AUTO_INCREMENT de tabela `users`
--
ALTER TABLE `users`
  MODIFY `id` bigint(20) UNSIGNED NOT NULL AUTO_INCREMENT, AUTO_INCREMENT=2;

--
-- Restrições para despejos de tabelas
--

--
-- Limitadores para a tabela `projects`
--
ALTER TABLE `projects`
  ADD CONSTRAINT `projects_user_id_foreign` FOREIGN KEY (`user_id`) REFERENCES `users` (`id`);

--
-- Limitadores para a tabela `requirements`
--
ALTER TABLE `requirements`
  ADD CONSTRAINT `requirements_project_id_foreign` FOREIGN KEY (`project_id`) REFERENCES `projects` (`id`);
COMMIT;

/*!40101 SET CHARACTER_SET_CLIENT=@OLD_CHARACTER_SET_CLIENT */;
/*!40101 SET CHARACTER_SET_RESULTS=@OLD_CHARACTER_SET_RESULTS */;
/*!40101 SET COLLATION_CONNECTION=@OLD_COLLATION_CONNECTION */;
